ts,symbol,side,weight,price
2026-01-01T11:18:10+00:00,SPY,SELL,-0.6000000238418579,681.9199829101562
2026-01-01T11:18:11+00:00,QQQ,BUY,0.6000000238418579,614.3099975585938
2026-01-01T11:18:11+00:00,TLT,SELL,-0.0122202187776565,87.16000366210938
2026-01-01T11:18:12+00:00,GLD,BUY,0.2882649898529053,396.30999755859375
2026-01-01T12:41:15+00:00,SPY,SELL,-0.1727384328842163,681.9199829101562
2026-01-01T12:41:15+00:00,QQQ,SELL,-0.0085049867630004,614.3099975585938
2026-01-01T12:41:16+00:00,TLT,BUY,0.6000000238418579,87.16000366210938
2026-01-01T12:41:17+00:00,GLD,BUY,0.1337553560733795,396.30999755859375
2026-01-01T13:33:06+00:00,SPY,SELL,-0.6000000238418579,681.9199829101562
2026-01-01T13:33:07+00:00,QQQ,SELL,-0.2372010797262191,614.3099975585938
2026-01-01T13:33:08+00:00,TLT,BUY,0.3104529082775116,87.16000366210938
2026-01-01T13:33:08+00:00,GLD,SELL,-0.0015085190534591,396.30999755859375
2026-01-01T14:19:29+00:00,SPY,BUY,0.179399162530899,681.9199829101562
2026-01-01T14:19:30+00:00,QQQ,SELL,-0.0772368907928466,614.3099975585938
2026-01-01T14:19:31+00:00,TLT,BUY,0.6000000238418579,87.16000366210938
2026-01-01T14:19:31+00:00,GLD,BUY,0.067891389131546,396.30999755859375
2026-01-01T15:21:02+00:00,SPY,BUY,0.6000000238418579,681.9199829101562
2026-01-01T15:21:03+00:00,QQQ,SELL,-0.6000000238418579,614.3099975585938
2026-01-01T15:21:03+00:00,TLT,BUY,0.1576411724090576,87.16000366210938
2026-01-01T15:21:04+00:00,GLD,SELL,-0.6000000238418579,396.30999755859375
2026-01-01T16:26:22+00:00,SPY,SELL,-0.1149637252092361,681.9199829101562
2026-01-01T16:26:23+00:00,QQQ,BUY,0.1525080204010009,614.3099975585938
2026-01-01T16:26:24+00:00,TLT,SELL,-0.0793033093214035,87.16000366210938
2026-01-01T16:26:25+00:00,GLD,BUY,0.0637572258710861,396.30999755859375
2026-01-01T17:19:12+00:00,SPY,SELL,-0.6000000238418579,681.9199829101562
2026-01-01T17:19:12+00:00,QQQ,SELL,-0.6000000238418579,614.3099975585938
2026-01-01T17:19:13+00:00,TLT,SELL,-0.3232190012931824,87.16000366210938
2026-01-01T17:19:14+00:00,GLD,SELL,-0.6000000238418579,396.30999755859375
2026-01-01T18:29:53+00:00,SPY,SELL,-0.2619709968566894,681.9199829101562
2026-01-01T18:29:54+00:00,QQQ,SELL,-0.0468353182077407,614.3099975585938
2026-01-01T18:29:55+00:00,TLT,BUY,0.1785677820444107,87.16000366210938
2026-01-01T18:29:56+00:00,GLD,BUY,0.4706082344055176,396.30999755859375
2026-01-01T19:17:17+00:00,SPY,SELL,-0.6000000238418579,681.9199829101562
2026-01-01T19:17:18+00:00,QQQ,SELL,-0.3100618720054626,614.3099975585938
2026-01-01T19:17:18+00:00,TLT,SELL,-0.6000000238418579,87.16000366210938
2026-01-01T19:17:19+00:00,GLD,SELL,-0.5972874760627747,396.30999755859375
2026-01-01T20:23:39+00:00,SPY,BUY,0.2936657071113586,681.9199829101562
2026-01-01T20:23:40+00:00,QQQ,SELL,-0.6000000238418579,614.3099975585938
2026-01-01T20:23:41+00:00,TLT,BUY,0.1281089335680008,87.16000366210938
2026-01-01T20:23:41+00:00,GLD,BUY,0.6000000238418579,396.30999755859375
2026-01-01T21:19:23+00:00,SPY,SELL,-0.2008246034383773,681.9199829101562
2026-01-01T21:19:24+00:00,QQQ,BUY,0.3565891087055206,614.3099975585938
2026-01-01T21:19:25+00:00,TLT,SELL,-0.1050876080989837,87.16000366210938
2026-01-01T21:19:25+00:00,GLD,SELL,-0.3394991159439087,396.30999755859375
2026-01-01T22:20:04+00:00,SPY,SELL,-0.0968455895781517,681.9199829101562
2026-01-01T22:20:05+00:00,QQQ,SELL,-0.6000000238418579,614.3099975585938
2026-01-01T22:20:05+00:00,TLT,SELL,-0.6000000238418579,87.16000366210938
2026-01-01T22:20:06+00:00,GLD,SELL,-0.6000000238418579,396.30999755859375
2026-01-01T23:19:47+00:00,SPY,BUY,0.6000000238418579,681.9199829101562
2026-01-01T23:19:48+00:00,QQQ,BUY,0.2065004408359527,614.3099975585938
2026-01-01T23:19:49+00:00,TLT,SELL,-0.0454568117856979,87.16000366210938
2026-01-01T23:19:50+00:00,GLD,SELL,-0.6000000238418579,396.30999755859375
2026-01-02T01:42:09+00:00,SPY,SELL,-0.6000000238418579,681.9199829101562
2026-01-02T01:42:09+00:00,QQQ,BUY,0.1866129338741302,614.3099975585938
2026-01-02T01:42:10+00:00,TLT,BUY,0.3261618316173553,87.16000366210938
2026-01-02T01:42:11+00:00,GLD,BUY,0.1119284331798553,396.30999755859375
2026-01-02T03:39:46+00:00,SPY,SELL,-0.2526171505451202,681.9199829101562
2026-01-02T03:39:46+00:00,QQQ,BUY,0.6000000238418579,614.3099975585938
2026-01-02T03:39:47+00:00,TLT,BUY,0.333740770816803,87.16000366210938
2026-01-02T03:39:48+00:00,GLD,SELL,-0.6000000238418579,396.30999755859375
2026-01-02T04:41:02+00:00,SPY,SELL,-0.2167575806379318,681.9199829101562
2026-01-02T04:41:03+00:00,QQQ,SELL,-0.6000000238418579,614.3099975585938
2026-01-02T04:41:04+00:00,TLT,SELL,-0.5452985167503357,87.16000366210938
2026-01-02T04:41:05+00:00,GLD,BUY,0.2446560561656952,396.30999755859375
2026-01-02T05:25:17+00:00,SPY,BUY,0.3054849803447723,681.9199829101562
2026-01-02T05:25:18+00:00,QQQ,SELL,-0.6000000238418579,614.3099975585938
2026-01-02T05:25:19+00:00,TLT,SELL,-0.6000000238418579,87.16000366210938
2026-01-02T05:25:19+00:00,GLD,SELL,-0.6000000238418579,396.30999755859375
2026-01-02T06:33:11+00:00,SPY,SELL,-0.6000000238418579,681.9199829101562
2026-01-02T06:33:12+00:00,QQQ,SELL,-0.2831692099571228,614.3099975585938
2026-01-02T06:33:13+00:00,TLT,SELL,-0.6000000238418579,87.16000366210938
2026-01-02T06:33:13+00:00,GLD,SELL,-0.1314763724803924,396.30999755859375
2026-01-02T07:23:57+00:00,SPY,BUY,0.6000000238418579,681.9199829101562
2026-01-02T07:23:58+00:00,QQQ,SELL,-0.6000000238418579,614.3099975585938
2026-01-02T07:23:59+00:00,TLT,BUY,0.122864544391632,87.16000366210938
2026-01-02T07:23:59+00:00,GLD,BUY,0.2294190973043441,396.30999755859375
2026-01-02T08:29:08+00:00,SPY,BUY,0.6000000238418579,681.9199829101562
2026-01-02T08:29:09+00:00,QQQ,BUY,0.6000000238418579,614.3099975585938
2026-01-02T08:29:09+00:00,TLT,BUY,0.5698822736740112,87.16000366210938
2026-01-02T08:29:10+00:00,GLD,BUY,0.0222733616828918,396.30999755859375
2026-01-02T09:24:35+00:00,SPY,BUY,0.6000000238418579,681.9199829101562
2026-01-02T09:24:36+00:00,QQQ,BUY,0.6000000238418579,614.3099975585938
2026-01-02T09:24:37+00:00,TLT,BUY,0.6000000238418579,87.16000366210938
2026-01-02T09:24:37+00:00,GLD,BUY,0.6000000238418579,396.30999755859375
2026-01-02T10:21:19+00:00,SPY,BUY,0.0397126749157905,681.9199829101562
2026-01-02T10:21:20+00:00,QQQ,SELL,-0.6000000238418579,614.3099975585938
2026-01-02T10:21:20+00:00,TLT,SELL,-0.3463706970214844,87.16000366210938
2026-01-02T10:21:21+00:00,GLD,SELL,-0.2496542185544967,396.30999755859375
2026-01-02T11:18:26+00:00,SPY,SELL,-0.6000000238418579,681.9199829101562
2026-01-02T11:18:27+00:00,QQQ,BUY,0.2509143948554992,614.3099975585938
2026-01-02T11:18:28+00:00,TLT,SELL,-0.3020498156547546,87.16000366210938
2026-01-02T11:18:28+00:00,GLD,BUY,0.2545511126518249,396.30999755859375
2026-01-02T12:40:42+00:00,SPY,SELL,-0.2839904725551605,681.9199829101562
2026-01-02T12:40:43+00:00,QQQ,BUY,0.6000000238418579,614.3099975585938
2026-01-02T12:40:44+00:00,TLT,BUY,0.2711934447288513,87.16000366210938
2026-01-02T12:40:45+00:00,GLD,BUY,0.6000000238418579,396.30999755859375
2026-01-02T13:32:34+00:00,SPY,BUY,0.0761124491691589,681.9199829101562
2026-01-02T13:32:34+00:00,QQQ,SELL,-0.1925559043884277,614.3099975585938
2026-01-02T13:32:35+00:00,TLT,SELL,-0.024482887238264,87.16000366210938
2026-01-02T13:32:36+00:00,GLD,SELL,-0.249311551451683,396.30999755859375
2026-01-02T14:20:17+00:00,SPY,SELL,-0.6000000238418579,681.9199829101562
2026-01-02T14:20:18+00:00,QQQ,SELL,-0.6000000238418579,614.3099975585938
2026-01-02T14:20:18+00:00,TLT,SELL,-0.2868127226829529,87.16000366210938
2026-01-02T14:20:19+00:00,GLD,SELL,-0.0638532638549804,396.30999755859375
2026-01-02T15:21:30+00:00,SPY,SELL,-0.6000000238418579,683.0599975585938
2026-01-02T15:21:31+00:00,QQQ,BUY,0.0378961861133575,614.3099975585938
2026-01-02T15:21:32+00:00,TLT,BUY,0.4471582770347595,87.26029968261719
2026-01-02T15:21:32+00:00,GLD,SELL,-0.6000000238418579,399.05999755859375
2026-01-02T16:25:14+00:00,SPY,SELL,-0.6000000238418579,682.1900024414062
2026-01-02T16:25:15+00:00,QQQ,BUY,0.0313856080174446,613.0399780273438
2026-01-02T16:25:15+00:00,TLT,SELL,-0.3172677159309387,87.12000274658203
2026-01-02T16:25:16+00:00,GLD,BUY,0.6000000238418579,397.1799926757813
2026-01-02T17:17:57+00:00,SPY,SELL,-0.2165906131267547,682.260009765625
2026-01-02T17:17:58+00:00,QQQ,SELL,-0.6000000238418579,613.0599975585938
2026-01-02T17:17:59+00:00,TLT,SELL,-0.2742882072925567,87.13500213623047
2026-01-02T17:17:59+00:00,GLD,BUY,0.014742761850357,398.3500061035156
2026-01-02T18:29:47+00:00,SPY,SELL,-0.5280606746673584,680.9849853515625
2026-01-02T18:29:48+00:00,QQQ,BUY,0.6000000238418579,611.75
2026-01-02T18:29:49+00:00,TLT,BUY,0.6000000238418579,87.1500015258789
2026-01-02T18:29:49+00:00,GLD,SELL,-0.6000000238418579,397.0701904296875
2026-01-02T19:14:22+00:00,SPY,SELL,-0.2867978811264038,682.3800048828125
2026-01-02T19:14:23+00:00,QQQ,SELL,-0.6000000238418579,613.0599975585938
2026-01-02T19:14:23+00:00,TLT,BUY,0.2092243731021881,87.04450225830078
2026-01-02T19:14:24+00:00,GLD,SELL,-0.6000000238418579,397.3299865722656
2026-01-02T20:22:10+00:00,SPY,SELL,-0.0781571865081787,683.5499877929688
2026-01-02T20:22:10+00:00,QQQ,BUY,0.6000000238418579,614.4299926757812
2026-01-02T20:22:11+00:00,TLT,BUY,0.1660586893558502,87.17500305175781
2026-01-02T20:22:12+00:00,GLD,BUY,0.6000000238418579,397.5700073242188
2026-01-02T21:15:50+00:00,SPY,SELL,-0.6000000238418579,683.1699829101562
2026-01-02T21:15:50+00:00,QQQ,BUY,0.6000000238418579,613.1199951171875
2026-01-02T21:15:51+00:00,TLT,BUY,0.6000000238418579,87.02999877929688
2026-01-02T21:15:52+00:00,GLD,BUY,0.0182320848107337,398.2799987792969
2026-01-02T22:20:27+00:00,SPY,BUY,0.2448408305644989,683.1699829101562
2026-01-02T22:20:28+00:00,QQQ,BUY,0.6000000238418579,613.1199951171875
2026-01-02T22:20:29+00:00,TLT,BUY,0.6000000238418579,87.02999877929688
2026-01-02T22:20:29+00:00,GLD,SELL,-0.0133972987532615,398.2799987792969
2026-01-02T23:19:04+00:00,SPY,SELL,-0.6000000238418579,683.1699829101562
2026-01-02T23:19:05+00:00,QQQ,BUY,0.3314106166362762,613.1199951171875
2026-01-02T23:19:06+00:00,TLT,SELL,-0.6000000238418579,87.02999877929688
2026-01-02T23:19:06+00:00,GLD,BUY,0.6000000238418579,398.2799987792969
2026-01-03T01:27:43+00:00,SPY,BUY,0.0570419430732727,683.1699829101562
2026-01-03T01:27:44+00:00,QQQ,SELL,-0.0399887561798095,613.1199951171875
2026-01-03T01:27:45+00:00,TLT,BUY,0.2234171032905578,87.02999877929688
2026-01-03T01:27:46+00:00,GLD,SELL,-0.1317299902439117,398.2799987792969
2026-01-03T03:21:53+00:00,SPY,BUY,0.1065763458609581,683.1699829101562
2026-01-03T03:21:54+00:00,QQQ,SELL,-0.6000000238418579,613.1199951171875
2026-01-03T03:21:54+00:00,TLT,SELL,-0.0604595243930816,87.02999877929688
2026-01-03T03:21:55+00:00,GLD,BUY,0.6000000238418579,398.2799987792969
2026-01-03T04:32:14+00:00,SPY,SELL,-0.2230343967676162,683.1699829101562
2026-01-03T04:32:15+00:00,QQQ,SELL,-0.1252729445695877,613.1199951171875
2026-01-03T04:32:16+00:00,TLT,BUY,0.6000000238418579,87.02999877929688
2026-01-03T04:32:16+00:00,GLD,SELL,-0.3227448463439941,398.2799987792969
2026-01-03T05:21:20+00:00,SPY,SELL,-0.0282756984233856,683.1699829101562
2026-01-03T05:21:21+00:00,QQQ,BUY,0.6000000238418579,613.1199951171875
2026-01-03T05:21:22+00:00,TLT,SELL,-0.2899689972400665,87.02999877929688
2026-01-03T05:21:22+00:00,GLD,BUY,0.2606458067893982,398.2799987792969
2026-01-03T06:30:24+00:00,SPY,SELL,-0.6000000238418579,683.1699829101562
2026-01-03T06:30:25+00:00,QQQ,BUY,0.0817145407199859,613.1199951171875
2026-01-03T06:30:26+00:00,TLT,SELL,-0.6000000238418579,87.02999877929688
2026-01-03T06:30:26+00:00,GLD,SELL,-0.4397702813148498,398.2799987792969
2026-01-03T07:19:03+00:00,SPY,SELL,-0.2429795265197754,683.1699829101562
2026-01-03T07:19:04+00:00,QQQ,BUY,0.0974174216389656,613.1199951171875
2026-01-03T07:19:04+00:00,TLT,SELL,-0.6000000238418579,87.02999877929688
2026-01-03T07:19:05+00:00,GLD,SELL,-0.6000000238418579,398.2799987792969
2026-01-03T08:27:05+00:00,SPY,SELL,-0.6000000238418579,683.1699829101562
2026-01-03T08:27:06+00:00,QQQ,SELL,-0.6000000238418579,613.1199951171875
2026-01-03T08:27:07+00:00,TLT,SELL,-0.6000000238418579,87.02999877929688
2026-01-03T08:27:07+00:00,GLD,BUY,0.4766519367694855,398.2799987792969
2026-01-03T09:19:55+00:00,SPY,BUY,0.3334838449954986,683.1699829101562
2026-01-03T09:19:55+00:00,QQQ,BUY,0.2881356477737427,613.1199951171875
2026-01-03T09:19:56+00:00,TLT,BUY,0.2774783372879028,87.02999877929688
2026-01-03T09:19:57+00:00,GLD,BUY,0.446459949016571,398.2799987792969
2026-01-03T10:20:26+00:00,SPY,BUY,0.6000000238418579,683.1699829101562
2026-01-03T10:20:27+00:00,QQQ,SELL,-0.0739158689975738,613.1199951171875
2026-01-03T10:20:28+00:00,TLT,BUY,0.370776891708374,87.02999877929688
2026-01-03T10:20:28+00:00,GLD,SELL,-0.3121548891067505,398.2799987792969
2026-01-03T11:16:38+00:00,SPY,SELL,-0.0972207635641098,683.1699829101562
2026-01-03T11:16:39+00:00,QQQ,BUY,0.1610240340232849,613.1199951171875
2026-01-03T11:16:40+00:00,TLT,BUY,0.0906658172607421,87.02999877929688
2026-01-03T11:16:40+00:00,GLD,BUY,0.6000000238418579,398.2799987792969
2026-01-03T12:38:47+00:00,SPY,BUY,0.6000000238418579,683.1699829101562
2026-01-03T12:38:48+00:00,QQQ,SELL,-0.6000000238418579,613.1199951171875
2026-01-03T12:38:48+00:00,TLT,SELL,-0.6000000238418579,87.02999877929688
2026-01-03T12:38:49+00:00,GLD,SELL,-0.6000000238418579,398.2799987792969
2026-01-03T13:28:57+00:00,SPY,BUY,0.3798244893550873,683.1699829101562
2026-01-03T13:28:58+00:00,QQQ,BUY,0.1690506935119629,613.1199951171875
2026-01-03T13:28:59+00:00,TLT,SELL,-0.6000000238418579,87.02999877929688
2026-01-03T13:28:59+00:00,GLD,SELL,-0.2741186618804931,398.2799987792969
2026-01-03T14:18:43+00:00,SPY,BUY,0.6000000238418579,683.1699829101562
2026-01-03T14:18:44+00:00,QQQ,BUY,0.6000000238418579,613.1199951171875
2026-01-03T14:18:44+00:00,TLT,SELL,-0.6000000238418579,87.02999877929688
2026-01-03T14:18:45+00:00,GLD,BUY,0.0248298048973083,398.2799987792969
2026-01-03T15:19:16+00:00,SPY,SELL,-0.6000000238418579,683.1699829101562
2026-01-03T15:19:17+00:00,QQQ,SELL,-0.5311065912246704,613.1199951171875
2026-01-03T15:19:18+00:00,TLT,SELL,-0.6000000238418579,87.02999877929688
2026-01-03T15:19:18+00:00,GLD,SELL,-0.6000000238418579,398.2799987792969
2026-01-03T16:24:23+00:00,SPY,BUY,0.6000000238418579,683.1699829101562
2026-01-03T16:24:23+00:00,QQQ,BUY,0.2322158068418502,613.1199951171875
2026-01-03T16:24:24+00:00,TLT,BUY,0.1513327807188034,87.02999877929688
2026-01-03T16:24:25+00:00,GLD,SELL,-0.1145831495523452,398.2799987792969
2026-01-03T17:17:10+00:00,SPY,BUY,0.3255692720413208,683.1699829101562
2026-01-03T17:17:11+00:00,QQQ,SELL,-0.6000000238418579,613.1199951171875
2026-01-03T17:17:11+00:00,TLT,BUY,0.1800847053527832,87.02999877929688
2026-01-03T17:17:12+00:00,GLD,BUY,0.3931725025177002,398.2799987792969
2026-01-03T18:28:13+00:00,SPY,BUY,0.151723027229309,683.1699829101562
2026-01-03T18:28:13+00:00,QQQ,SELL,-0.0104849645867943,613.1199951171875
2026-01-03T18:28:14+00:00,TLT,SELL,-0.6000000238418579,87.02999877929688
2026-01-03T18:28:15+00:00,GLD,BUY,0.6000000238418579,398.2799987792969
2026-01-03T19:15:35+00:00,SPY,BUY,0.6000000238418579,683.1699829101562
2026-01-03T19:15:36+00:00,QQQ,SELL,-0.6000000238418579,613.1199951171875
2026-01-03T19:15:37+00:00,TLT,BUY,0.294131875038147,87.02999877929688
2026-01-03T19:15:37+00:00,GLD,SELL,-0.3279018402099609,398.2799987792969
2026-01-03T20:22:07+00:00,SPY,BUY,0.2268967181444168,683.1699829101562
2026-01-03T20:22:08+00:00,QQQ,SELL,-0.09312704205513,613.1199951171875
2026-01-03T20:22:09+00:00,TLT,SELL,-0.6000000238418579,87.02999877929688
2026-01-03T20:22:10+00:00,GLD,SELL,-0.6000000238418579,398.2799987792969
2026-01-03T21:18:05+00:00,SPY,SELL,-0.6000000238418579,683.1699829101562
2026-01-03T21:18:06+00:00,QQQ,SELL,-0.2621423900127411,613.1199951171875
2026-01-03T21:18:07+00:00,TLT,BUY,0.6000000238418579,87.02999877929688
2026-01-03T21:18:08+00:00,GLD,BUY,0.1585253775119781,398.2799987792969
2026-01-03T22:19:24+00:00,SPY,BUY,0.6000000238418579,683.1699829101562
2026-01-03T22:19:25+00:00,QQQ,BUY,0.1090356707572937,613.1199951171875
2026-01-03T22:19:26+00:00,TLT,SELL,-0.6000000238418579,87.02999877929688
2026-01-03T22:19:27+00:00,GLD,BUY,0.6000000238418579,398.2799987792969
2026-01-03T23:19:10+00:00,SPY,BUY,0.0655775144696235,683.1699829101562
2026-01-03T23:19:11+00:00,QQQ,SELL,-0.6000000238418579,613.1199951171875
2026-01-03T23:19:12+00:00,TLT,BUY,0.1363255083560943,87.02999877929688
2026-01-03T23:19:12+00:00,GLD,SELL,-0.4041005671024322,398.2799987792969
2026-01-04T01:51:00+00:00,SPY,BUY,0.0516615062952041,683.1699829101562
2026-01-04T01:51:01+00:00,QQQ,BUY,0.6000000238418579,613.1199951171875
2026-01-04T01:51:02+00:00,TLT,BUY,0.6000000238418579,87.02999877929688
2026-01-04T01:51:02+00:00,GLD,SELL,-0.2805925905704498,398.2799987792969
2026-01-04T03:50:54+00:00,SPY,SELL,-0.2487058192491531,683.1699829101562
2026-01-04T03:50:55+00:00,QQQ,BUY,0.040164440870285,613.1199951171875
2026-01-04T03:50:56+00:00,TLT,BUY,0.0570074468851089,87.02999877929688
2026-01-04T03:50:56+00:00,GLD,BUY,0.1897811144590377,398.2799987792969
2026-01-04T04:48:48+00:00,SPY,SELL,-0.2254936844110489,683.1699829101562
2026-01-04T04:48:49+00:00,QQQ,BUY,0.6000000238418579,613.1199951171875
2026-01-04T04:48:49+00:00,TLT,SELL,-0.0523126535117626,87.02999877929688
2026-01-04T04:48:50+00:00,GLD,BUY,0.1593706011772155,398.2799987792969
2026-01-04T05:25:22+00:00,SPY,SELL,-0.6000000238418579,683.1699829101562
2026-01-04T05:25:23+00:00,QQQ,BUY,0.1858720183372497,613.1199951171875
2026-01-04T05:25:25+00:00,TLT,BUY,0.3808760643005371,87.02999877929688
2026-01-04T05:25:25+00:00,GLD,SELL,-0.300319641828537,398.2799987792969
2026-01-04T06:31:24+00:00,SPY,BUY,0.3125739097595215,683.1699829101562
2026-01-04T06:31:25+00:00,QQQ,SELL,-0.0725392252206802,613.1199951171875
2026-01-04T06:31:26+00:00,TLT,BUY,0.6000000238418579,87.02999877929688
2026-01-04T06:31:26+00:00,GLD,SELL,-0.6000000238418579,398.2799987792969
2026-01-04T07:21:06+00:00,SPY,BUY,0.3564727008342743,683.1699829101562
2026-01-04T07:21:07+00:00,QQQ,BUY,0.4651129245758056,613.1199951171875
2026-01-04T07:21:08+00:00,TLT,BUY,0.3348124027252197,87.02999877929688
2026-01-04T07:21:08+00:00,GLD,BUY,0.1894505321979522,398.2799987792969
2026-01-04T08:27:35+00:00,SPY,SELL,-0.2154113352298736,683.1699829101562
2026-01-04T08:27:36+00:00,QQQ,SELL,-0.6000000238418579,613.1199951171875
2026-01-04T08:27:37+00:00,TLT,BUY,0.0039111077785491,87.02999877929688
2026-01-04T08:27:37+00:00,GLD,BUY,0.2565825581550598,398.2799987792969
2026-01-04T09:19:40+00:00,SPY,BUY,0.6000000238418579,683.1699829101562
2026-01-04T09:19:41+00:00,QQQ,SELL,-0.284024029970169,613.1199951171875
2026-01-04T09:19:42+00:00,TLT,BUY,0.6000000238418579,87.02999877929688
2026-01-04T09:19:42+00:00,GLD,SELL,-0.6000000238418579,398.2799987792969
2026-01-04T10:20:24+00:00,SPY,BUY,0.1424077898263931,683.1699829101562
2026-01-04T10:20:25+00:00,QQQ,SELL,-0.6000000238418579,613.1199951171875
2026-01-04T10:20:26+00:00,TLT,SELL,-0.3481568396091461,87.02999877929688
2026-01-04T10:20:27+00:00,GLD,BUY,0.0335025042295455,398.2799987792969
2026-01-04T11:16:54+00:00,SPY,BUY,0.4288234710693359,683.1699829101562
2026-01-04T11:16:55+00:00,QQQ,BUY,0.6000000238418579,613.1199951171875
2026-01-04T11:16:56+00:00,TLT,SELL,-0.6000000238418579,87.02999877929688
2026-01-04T11:16:56+00:00,GLD,BUY,0.0802870839834213,398.2799987792969
2026-01-04T12:39:07+00:00,SPY,SELL,-0.6000000238418579,683.1699829101562
2026-01-04T12:39:08+00:00,QQQ,BUY,0.6000000238418579,613.1199951171875
2026-01-04T12:39:09+00:00,TLT,BUY,0.4550236463546753,87.02999877929688
2026-01-04T12:39:09+00:00,GLD,SELL,-0.0616492331027984,398.2799987792969
2026-01-04T13:29:31+00:00,SPY,BUY,0.6000000238418579,683.1699829101562
2026-01-04T13:29:32+00:00,QQQ,SELL,-0.6000000238418579,613.1199951171875
2026-01-04T13:29:33+00:00,TLT,SELL,-0.6000000238418579,87.02999877929688
2026-01-04T13:29:33+00:00,GLD,BUY,0.6000000238418579,398.2799987792969
2026-01-04T14:18:26+00:00,SPY,SELL,-0.6000000238418579,683.1699829101562
2026-01-04T14:18:27+00:00,QQQ,SELL,-0.0803697854280471,613.1199951171875
2026-01-04T14:18:28+00:00,TLT,BUY,0.2207798510789871,87.02999877929688
2026-01-04T14:18:28+00:00,GLD,SELL,-0.0454013049602508,398.2799987792969
2026-01-04T15:18:58+00:00,SPY,BUY,0.0637162327766418,683.1699829101562
2026-01-04T15:18:59+00:00,QQQ,SELL,-0.2816624939441681,613.1199951171875
2026-01-04T15:18:59+00:00,TLT,SELL,-0.6000000238418579,87.02999877929688
2026-01-04T15:19:00+00:00,GLD,SELL,-0.1514814794063568,398.2799987792969
2026-01-04T16:24:07+00:00,SPY,SELL,-0.0111492769792675,683.1699829101562
2026-01-04T16:24:08+00:00,QQQ,SELL,-0.1976687610149383,613.1199951171875
2026-01-04T16:24:08+00:00,TLT,SELL,-0.1000221669673919,87.02999877929688
2026-01-04T16:24:10+00:00,GLD,BUY,0.0831074267625808,398.2799987792969
2026-01-04T17:17:23+00:00,SPY,BUY,0.6000000238418579,683.1699829101562
2026-01-04T17:17:23+00:00,QQQ,SELL,-0.6000000238418579,613.1199951171875
2026-01-04T17:17:24+00:00,TLT,BUY,0.6000000238418579,87.02999877929688
2026-01-04T17:17:25+00:00,GLD,BUY,0.6000000238418579,398.2799987792969
2026-01-04T18:28:24+00:00,SPY,BUY,0.6000000238418579,683.1699829101562
2026-01-04T18:28:25+00:00,QQQ,BUY,0.0034892186522483,613.1199951171875
2026-01-04T18:28:26+00:00,TLT,SELL,-0.0163549184799194,87.02999877929688
2026-01-04T18:28:27+00:00,GLD,BUY,0.3123432397842407,398.2799987792969
2026-01-04T19:15:31+00:00,SPY,BUY,0.024880152195692,683.1699829101562
2026-01-04T19:15:31+00:00,QQQ,SELL,-0.3610391914844513,613.1199951171875
2026-01-04T19:15:32+00:00,TLT,BUY,0.3306320309638977,87.02999877929688
2026-01-04T19:15:33+00:00,GLD,BUY,0.3178677558898926,398.2799987792969
2026-01-04T20:22:22+00:00,SPY,BUY,0.6000000238418579,683.1699829101562
2026-01-04T20:22:22+00:00,QQQ,BUY,0.6000000238418579,613.1199951171875
2026-01-04T20:22:23+00:00,TLT,BUY,0.6000000238418579,87.02999877929688
2026-01-04T20:22:24+00:00,GLD,SELL,-0.6000000238418579,398.2799987792969
2026-01-04T21:18:40+00:00,SPY,BUY,0.6000000238418579,683.1699829101562
2026-01-04T21:18:41+00:00,QQQ,BUY,0.6000000238418579,613.1199951171875
2026-01-04T21:18:42+00:00,TLT,SELL,-0.6000000238418579,87.02999877929688
2026-01-04T21:18:42+00:00,GLD,BUY,0.6000000238418579,398.2799987792969
2026-01-04T22:19:49+00:00,SPY,SELL,-0.2915273606777191,683.1699829101562
2026-01-04T22:19:49+00:00,QQQ,BUY,0.6000000238418579,613.1199951171875
2026-01-04T22:19:50+00:00,TLT,BUY,0.2230003476142883,87.02999877929688
2026-01-04T22:19:51+00:00,GLD,SELL,-0.6000000238418579,398.2799987792969
2026-01-04T23:19:40+00:00,SPY,BUY,0.0722295418381691,683.1699829101562
2026-01-04T23:19:41+00:00,QQQ,BUY,0.6000000238418579,613.1199951171875
2026-01-04T23:19:41+00:00,TLT,BUY,0.1023279130458831,87.02999877929688
2026-01-04T23:19:42+00:00,GLD,SELL,-0.0919967889785766,398.2799987792969
2026-01-05T01:50:50+00:00,SPY,BUY,0.6000000238418579,683.1699829101562
2026-01-05T01:50:51+00:00,QQQ,SELL,-0.6000000238418579,613.1199951171875
2026-01-05T01:50:52+00:00,TLT,SELL,-0.6000000238418579,87.02999877929688
2026-01-05T01:50:52+00:00,GLD,SELL,-0.0466306507587432,398.2799987792969
2026-01-05T03:55:28+00:00,SPY,BUY,0.3710407018661499,683.1699829101562
2026-01-05T03:55:29+00:00,QQQ,SELL,-0.6000000238418579,613.1199951171875
2026-01-05T03:55:30+00:00,TLT,BUY,0.3178480863571167,87.02999877929688
2026-01-05T03:55:30+00:00,GLD,BUY,0.139060765504837,398.2799987792969
2026-01-05T04:57:18+00:00,SPY,BUY,0.6000000238418579,683.1699829101562
2026-01-05T04:57:19+00:00,QQQ,BUY,0.1044946163892746,613.1199951171875
2026-01-05T04:57:20+00:00,TLT,BUY,0.6000000238418579,87.02999877929688
2026-01-05T04:57:20+00:00,GLD,BUY,0.6000000238418579,398.2799987792969
2026-01-05T05:36:43+00:00,SPY,BUY,0.2124129235744476,683.1699829101562
2026-01-05T05:36:43+00:00,QQQ,BUY,0.6000000238418579,613.1199951171875
2026-01-05T05:36:44+00:00,TLT,SELL,-0.0522089004516601,87.02999877929688
2026-01-05T05:36:45+00:00,GLD,BUY,0.0098207220435142,398.2799987792969
2026-01-05T06:38:24+00:00,SPY,BUY,0.6000000238418579,683.1699829101562
2026-01-05T06:38:25+00:00,QQQ,SELL,-0.6000000238418579,613.1199951171875
2026-01-05T06:38:26+00:00,TLT,BUY,0.0488612800836563,87.02999877929688
2026-01-05T06:38:26+00:00,GLD,SELL,-0.332013338804245,398.2799987792969
2026-01-05T07:28:13+00:00,SPY,SELL,-0.3733061254024505,683.1699829101562
2026-01-05T07:28:14+00:00,QQQ,BUY,0.3332863748073578,613.1199951171875
2026-01-05T07:28:15+00:00,TLT,SELL,-0.6000000238418579,87.02999877929688
2026-01-05T07:28:15+00:00,GLD,SELL,-0.6000000238418579,398.2799987792969
2026-01-05T08:32:37+00:00,SPY,BUY,0.006217323243618,683.1699829101562
2026-01-05T08:32:38+00:00,QQQ,BUY,0.0430740416049957,613.1199951171875
2026-01-05T08:32:39+00:00,TLT,SELL,-0.6000000238418579,87.02999877929688
2026-01-05T08:32:39+00:00,GLD,SELL,-0.6000000238418579,398.2799987792969
2026-01-05T09:31:35+00:00,SPY,SELL,-0.066816359758377,683.1699829101562
2026-01-05T09:31:36+00:00,QQQ,SELL,-0.1414169371128082,613.1199951171875
2026-01-05T09:31:37+00:00,TLT,SELL,-0.3225981593132019,87.02999877929688
2026-01-05T09:31:37+00:00,GLD,BUY,0.6000000238418579,398.2799987792969
2026-01-05T10:24:33+00:00,SPY,SELL,-0.0338122993707656,683.1699829101562
2026-01-05T10:24:34+00:00,QQQ,SELL,-0.6000000238418579,613.1199951171875
2026-01-05T10:24:35+00:00,TLT,SELL,-0.1575767993927002,87.02999877929688
2026-01-05T10:24:35+00:00,GLD,SELL,-0.6000000238418579,398.2799987792969
2026-01-05T11:19:26+00:00,SPY,SELL,-0.6000000238418579,683.1699829101562
2026-01-05T11:19:26+00:00,QQQ,SELL,-0.3471417725086212,613.1199951171875
2026-01-05T11:19:27+00:00,TLT,BUY,0.6000000238418579,87.02999877929688
2026-01-05T11:19:28+00:00,GLD,SELL,-0.5350481271743774,398.2799987792969
2026-01-05T12:45:05+00:00,SPY,BUY,0.3200256824493408,683.1699829101562
2026-01-05T12:45:06+00:00,QQQ,BUY,0.2610458433628082,613.1199951171875
2026-01-05T12:45:07+00:00,TLT,BUY,0.2919980883598327,87.02999877929688
2026-01-05T12:45:07+00:00,GLD,BUY,0.6000000238418579,398.2799987792969
2026-01-05T13:40:32+00:00,SPY,SELL,-0.6000000238418579,683.1699829101562
2026-01-05T13:40:33+00:00,QQQ,SELL,-0.6000000238418579,613.1199951171875
2026-01-05T13:40:34+00:00,TLT,BUY,0.274905264377594,87.02999877929688
2026-01-05T13:40:35+00:00,GLD,BUY,0.3299051523208618,398.2799987792969
2026-01-05T14:24:19+00:00,SPY,SELL,-0.3687341511249542,683.1699829101562
2026-01-05T14:24:20+00:00,QQQ,SELL,-0.436353325843811,613.1199951171875
2026-01-05T14:24:21+00:00,TLT,BUY,0.3579421043395996,87.02999877929688
2026-01-05T14:24:21+00:00,GLD,SELL,-0.6000000238418579,398.2799987792969
2026-01-05T15:24:07+00:00,SPY,SELL,-0.1166079193353653,687.75
2026-01-05T15:24:08+00:00,QQQ,BUY,0.3457954823970794,613.1199951171875
2026-01-05T15:24:09+00:00,TLT,BUY,0.6000000238418579,87.21009826660156
2026-01-05T15:24:10+00:00,GLD,SELL,-0.1394879519939422,409.375
2026-01-05T16:27:22+00:00,SPY,SELL,-0.6000000238418579,688.6300048828125
2026-01-05T16:27:23+00:00,QQQ,BUY,0.0780792161822319,620.27001953125
2026-01-05T16:27:24+00:00,TLT,SELL,-0.6000000238418579,87.30010223388672
2026-01-05T16:27:24+00:00,GLD,BUY,0.6000000238418579,408.4599914550781
2026-01-05T17:22:30+00:00,SPY,BUY,0.2246111929416656,688.6199951171875
2026-01-05T17:22:30+00:00,QQQ,SELL,-0.1587140560150146,619.3200073242188
2026-01-05T17:22:31+00:00,TLT,BUY,0.1562933623790741,87.49500274658203
2026-01-05T17:22:32+00:00,GLD,SELL,-0.2301912009716034,408.7101135253906
2026-01-05T18:32:04+00:00,SPY,BUY,0.1803547143936157,688.4000854492188
2026-01-05T18:32:05+00:00,QQQ,SELL,-0.2809332311153412,618.47998046875
2026-01-05T18:32:06+00:00,TLT,BUY,0.036337673664093,87.42500305175781
2026-01-05T18:32:06+00:00,GLD,BUY,0.3872294723987579,408.510009765625
2026-01-05T19:20:28+00:00,SPY,BUY,0.0190529227256774,688.3499755859375
2026-01-05T19:20:29+00:00,QQQ,SELL,-0.6000000238418579,618.25
2026-01-05T19:20:30+00:00,TLT,SELL,-0.6000000238418579,87.40499877929688
2026-01-05T19:20:30+00:00,GLD,BUY,0.6000000238418579,408.3599853515625
2026-01-05T20:25:31+00:00,SPY,SELL,-0.2601860463619232,683.1699829101562
2026-01-05T20:25:31+00:00,QQQ,SELL,-0.503769040107727,618.22998046875
2026-01-05T20:25:32+00:00,TLT,SELL,-0.6000000238418579,87.37000274658203
2026-01-05T20:25:33+00:00,GLD,BUY,0.6000000238418579,408.625
2026-01-05T21:20:39+00:00,SPY,BUY,0.6000000238418579,687.7000122070312
2026-01-05T21:20:41+00:00,QQQ,BUY,0.6000000238418579,617.989990234375
2026-01-05T21:20:42+00:00,TLT,BUY,0.6000000238418579,87.45999908447266
2026-01-05T21:20:43+00:00,GLD,BUY,0.3115770816802978,408.760009765625
2026-01-05T22:20:36+00:00,SPY,BUY,0.129781886935234,687.719970703125
2026-01-05T22:20:37+00:00,QQQ,BUY,0.6000000238418579,617.989990234375
2026-01-05T22:20:38+00:00,TLT,SELL,-0.3001786768436432,87.45999908447266
2026-01-05T22:20:39+00:00,GLD,BUY,0.6000000238418579,408.760009765625
2026-01-05T23:19:48+00:00,SPY,BUY,0.3353318572044372,687.719970703125
2026-01-05T23:19:49+00:00,QQQ,SELL,-0.3073368966579437,617.989990234375
2026-01-05T23:19:49+00:00,TLT,SELL,-0.375683456659317,87.45999908447266
2026-01-05T23:19:50+00:00,GLD,SELL,-0.3060495853424072,408.760009765625
2026-01-06T01:42:27+00:00,SPY,BUY,0.3345672488212585,687.719970703125
2026-01-06T01:42:28+00:00,QQQ,SELL,-0.3225050866603851,617.989990234375
2026-01-06T01:42:28+00:00,TLT,BUY,0.6000000238418579,87.45999908447266
2026-01-06T01:42:29+00:00,GLD,BUY,0.6000000238418579,408.760009765625
2026-01-06T03:28:53+00:00,SPY,SELL,-0.0659221410751342,687.719970703125
2026-01-06T03:28:54+00:00,QQQ,BUY,0.2884215116500854,617.989990234375
2026-01-06T03:28:55+00:00,TLT,BUY,0.6000000238418579,87.45999908447266
2026-01-06T03:28:56+00:00,GLD,SELL,-0.3178315758705139,408.760009765625
2026-01-06T04:39:34+00:00,SPY,BUY,0.6000000238418579,687.719970703125
2026-01-06T04:39:35+00:00,QQQ,SELL,-0.6000000238418579,617.989990234375
2026-01-06T04:39:36+00:00,TLT,SELL,-0.6000000238418579,87.45999908447266
2026-01-06T04:39:36+00:00,GLD,BUY,0.6000000238418579,408.760009765625
2026-01-06T05:24:50+00:00,SPY,SELL,-0.0771202892065048,687.719970703125
2026-01-06T05:24:51+00:00,QQQ,BUY,0.6000000238418579,617.989990234375
2026-01-06T05:24:52+00:00,TLT,SELL,-0.6000000238418579,87.45999908447266
2026-01-06T05:24:53+00:00,GLD,SELL,-0.6000000238418579,408.760009765625
2026-01-06T06:34:10+00:00,SPY,BUY,0.2764676511287689,687.719970703125
2026-01-06T06:34:10+00:00,QQQ,SELL,-0.0548680126667022,617.989990234375
2026-01-06T06:34:11+00:00,TLT,BUY,0.6000000238418579,87.45999908447266
2026-01-06T06:34:12+00:00,GLD,BUY,0.6000000238418579,408.760009765625
2026-01-06T07:25:41+00:00,SPY,BUY,0.0362425297498703,687.719970703125
2026-01-06T07:25:42+00:00,QQQ,SELL,-0.2373835146427154,617.989990234375
2026-01-06T07:25:43+00:00,TLT,BUY,0.2899295687675476,87.45999908447266
2026-01-06T07:25:44+00:00,GLD,BUY,0.6000000238418579,408.760009765625
2026-01-06T08:30:29+00:00,SPY,SELL,-0.6000000238418579,687.719970703125
2026-01-06T08:30:30+00:00,QQQ,BUY,0.1819650083780288,617.989990234375
2026-01-06T08:30:31+00:00,TLT,SELL,-0.1487153768539428,87.45999908447266
2026-01-06T08:30:31+00:00,GLD,BUY,0.3906539380550384,408.760009765625
2026-01-06T09:26:22+00:00,SPY,BUY,0.1465411782264709,687.719970703125
2026-01-06T09:26:22+00:00,QQQ,BUY,0.1652242988348007,617.989990234375
2026-01-06T09:26:23+00:00,TLT,SELL,-0.6000000238418579,87.45999908447266
2026-01-06T09:26:24+00:00,GLD,SELL,-0.6000000238418579,408.760009765625
2026-01-06T10:23:17+00:00,SPY,SELL,-0.085630677640438,687.719970703125
2026-01-06T10:23:17+00:00,QQQ,BUY,0.6000000238418579,617.989990234375
2026-01-06T10:23:18+00:00,TLT,SELL,-0.3120280802249908,87.45999908447266
2026-01-06T10:23:19+00:00,GLD,SELL,-0.0437137484550476,408.760009765625
2026-01-06T11:19:02+00:00,SPY,BUY,0.6000000238418579,687.719970703125
2026-01-06T11:19:02+00:00,QQQ,SELL,-0.1114222407341003,617.989990234375
2026-01-06T11:19:03+00:00,TLT,BUY,0.0907952189445495,87.45999908447266
2026-01-06T11:19:04+00:00,GLD,BUY,0.6000000238418579,408.760009765625
2026-01-06T12:43:11+00:00,SPY,SELL,-0.3145016729831695,687.719970703125
2026-01-06T12:43:12+00:00,QQQ,BUY,0.3005187213420868,617.989990234375
2026-01-06T12:43:13+00:00,TLT,SELL,-0.6000000238418579,87.45999908447266
2026-01-06T12:43:14+00:00,GLD,BUY,0.2633387446403503,408.760009765625
2026-01-06T13:37:25+00:00,SPY,SELL,-0.6000000238418579,687.719970703125
2026-01-06T13:37:25+00:00,QQQ,SELL,-0.3199819028377533,617.989990234375
2026-01-06T13:37:26+00:00,TLT,SELL,-0.5954697728157043,87.45999908447266
2026-01-06T13:37:27+00:00,GLD,SELL,-0.0939375907182693,408.760009765625
2026-01-06T14:22:11+00:00,SPY,SELL,-0.2321785688400268,687.719970703125
2026-01-06T14:22:12+00:00,QQQ,SELL,-0.6000000238418579,617.989990234375
2026-01-06T14:22:13+00:00,TLT,SELL,-0.6000000238418579,87.45999908447266
2026-01-06T14:22:13+00:00,GLD,BUY,0.6000000238418579,408.760009765625
2026-01-06T15:22:41+00:00,SPY,BUY,0.0327448546886444,690.47998046875
2026-01-06T15:22:42+00:00,QQQ,SELL,-0.6000000238418579,621.969970703125
2026-01-06T15:22:42+00:00,TLT,SELL,-0.6000000238418579,87.11000061035156
2026-01-06T15:22:43+00:00,GLD,SELL,-0.0822049379348754,408.760009765625
2026-01-06T16:28:27+00:00,SPY,BUY,0.0725897401571273,688.989990234375
2026-01-06T16:28:28+00:00,QQQ,BUY,0.5178056955337524,620.2899780273438
2026-01-06T16:28:29+00:00,TLT,SELL,-0.0800120830535888,86.9540023803711
2026-01-06T16:28:29+00:00,GLD,BUY,0.4684802293777466,412.2099914550781
2026-01-06T17:22:58+00:00,SPY,SELL,-0.2978976666927337,690.4000244140625
2026-01-06T17:22:58+00:00,QQQ,BUY,0.0450845062732696,621.6199951171875
2026-01-06T17:22:59+00:00,TLT,SELL,-0.4363007843494415,87.05000305175781
2026-01-06T17:23:00+00:00,GLD,SELL,-0.4749083518981933,412.6400146484375
2026-01-06T18:31:20+00:00,SPY,BUY,0.6000000238418579,690.8699951171875
2026-01-06T18:31:20+00:00,QQQ,SELL,-0.6000000238418579,622.1500244140625
2026-01-06T18:31:22+00:00,TLT,SELL,-0.0030364096164703,87.14420318603516
2026-01-06T18:31:22+00:00,GLD,SELL,-0.1519457101821899,412.5700988769531
2026-01-06T19:16:54+00:00,SPY,SELL,-0.6000000238418579,692.0493774414062
2026-01-06T19:16:55+00:00,QQQ,SELL,-0.28811776638031,623.22998046875
2026-01-06T19:16:55+00:00,TLT,BUY,0.3146880865097046,87.18499755859375
2026-01-06T19:16:56+00:00,GLD,SELL,-0.1525552570819854,411.9299926757813
2026-01-06T20:23:39+00:00,SPY,SELL,-0.3456778824329376,687.719970703125
2026-01-06T20:23:39+00:00,QQQ,SELL,-0.0730286538600921,623.4149780273438
2026-01-06T20:23:40+00:00,TLT,SELL,-0.6000000238418579,87.22000122070312
2026-01-06T20:23:41+00:00,GLD,SELL,-0.2812888622283935,412.5950012207031
2026-01-06T21:20:47+00:00,SPY,SELL,-0.6000000238418579,691.8099975585938
2026-01-06T21:20:48+00:00,QQQ,SELL,-0.6000000238418579,623.4199829101562
2026-01-06T21:20:48+00:00,TLT,SELL,-0.2987115085124969,87.27999877929688
2026-01-06T21:20:49+00:00,GLD,BUY,0.6000000238418579,413.1799926757813
2026-01-06T22:21:01+00:00,SPY,BUY,0.2695361375808716,691.8099975585938
2026-01-06T22:21:02+00:00,QQQ,SELL,-0.3552827835083008,623.4199829101562
2026-01-06T22:21:02+00:00,TLT,BUY,0.3672429919242859,87.27999877929688
2026-01-06T22:21:03+00:00,GLD,BUY,0.4003679752349853,413.1799926757813
2026-01-06T23:20:16+00:00,SPY,SELL,-0.6000000238418579,691.8099975585938
2026-01-06T23:20:16+00:00,QQQ,BUY,0.6000000238418579,623.4199829101562
2026-01-06T23:20:17+00:00,TLT,BUY,0.6000000238418579,87.27999877929688
2026-01-06T23:20:18+00:00,GLD,SELL,-0.1329611986875534,413.1799926757813
2026-01-07T01:42:02+00:00,SPY,SELL,-0.2684909701347351,691.8099975585938
2026-01-07T01:42:03+00:00,QQQ,BUY,0.0401371717453002,623.4199829101562
2026-01-07T01:42:04+00:00,TLT,SELL,-0.0106093287467956,87.27999877929688
2026-01-07T01:42:04+00:00,GLD,SELL,-0.5287978053092957,413.1799926757813
2026-01-07T03:29:01+00:00,SPY,BUY,0.2544796764850616,691.8099975585938
2026-01-07T03:29:02+00:00,QQQ,SELL,-0.0731988251209259,623.4199829101562
2026-01-07T03:29:03+00:00,TLT,BUY,0.0250915437936782,87.27999877929688
2026-01-07T03:29:03+00:00,GLD,BUY,0.2898057699203491,413.1799926757813
2026-01-07T04:40:07+00:00,SPY,SELL,-0.2907615303993225,691.8099975585938
2026-01-07T04:40:08+00:00,QQQ,BUY,0.6000000238418579,623.4199829101562
2026-01-07T04:40:09+00:00,TLT,BUY,0.223686397075653,87.27999877929688
2026-01-07T04:40:09+00:00,GLD,SELL,-0.0619615390896797,413.1799926757813
2026-01-07T05:25:06+00:00,SPY,SELL,-0.6000000238418579,691.8099975585938
2026-01-07T05:25:07+00:00,QQQ,SELL,-0.0976894050836563,623.4199829101562
2026-01-07T05:25:08+00:00,TLT,BUY,0.05330391228199,87.27999877929688
2026-01-07T05:25:09+00:00,GLD,SELL,-0.6000000238418579,413.1799926757813
2026-01-07T06:33:28+00:00,SPY,SELL,-0.3338456153869629,691.8099975585938
2026-01-07T06:33:28+00:00,QQQ,BUY,0.6000000238418579,623.4199829101562
2026-01-07T06:33:29+00:00,TLT,SELL,-0.6000000238418579,87.27999877929688
2026-01-07T06:33:30+00:00,GLD,BUY,0.6000000238418579,413.1799926757813
2026-01-07T07:25:18+00:00,SPY,SELL,-0.6000000238418579,691.8099975585938
2026-01-07T07:25:19+00:00,QQQ,SELL,-0.4512724280357361,623.4199829101562
2026-01-07T07:25:20+00:00,TLT,BUY,0.6000000238418579,87.27999877929688
2026-01-07T07:25:20+00:00,GLD,SELL,-0.6000000238418579,413.1799926757813
2026-01-07T08:30:18+00:00,SPY,BUY,0.339737981557846,691.8099975585938
2026-01-07T08:30:19+00:00,QQQ,SELL,-0.6000000238418579,623.4199829101562
2026-01-07T08:30:20+00:00,TLT,BUY,0.6000000238418579,87.27999877929688
2026-01-07T08:30:20+00:00,GLD,BUY,0.6000000238418579,413.1799926757813
2026-01-07T09:28:09+00:00,SPY,BUY,0.0004348158836364,691.8099975585938
2026-01-07T09:28:09+00:00,QQQ,SELL,-0.3058196604251861,623.4199829101562
2026-01-07T09:28:10+00:00,TLT,SELL,-0.1384602338075637,87.27999877929688
2026-01-07T09:28:11+00:00,GLD,SELL,-0.6000000238418579,413.1799926757813
2026-01-07T10:24:15+00:00,SPY,SELL,-0.1120860874652862,691.8099975585938
2026-01-07T10:24:15+00:00,QQQ,BUY,0.1274865865707397,623.4199829101562
2026-01-07T10:24:16+00:00,TLT,SELL,-0.2846457958221435,87.27999877929688
2026-01-07T10:24:17+00:00,GLD,SELL,-0.2776345610618591,413.1799926757813
2026-01-07T11:20:07+00:00,SPY,BUY,0.2536145448684692,691.8099975585938
2026-01-07T11:20:08+00:00,QQQ,BUY,0.0360496714711189,623.4199829101562
2026-01-07T11:20:09+00:00,TLT,SELL,-0.6000000238418579,87.27999877929688
2026-01-07T11:20:09+00:00,GLD,BUY,0.0855960696935653,413.1799926757813
2026-01-07T12:44:01+00:00,SPY,SELL,-0.003531277179718,691.8099975585938
2026-01-07T12:44:01+00:00,QQQ,BUY,0.6000000238418579,623.4199829101562
2026-01-07T12:44:02+00:00,TLT,SELL,-0.5512892603874207,87.27999877929688
2026-01-07T12:44:03+00:00,GLD,BUY,0.6000000238418579,413.1799926757813
2026-01-07T13:39:30+00:00,SPY,SELL,-0.6000000238418579,691.8099975585938
2026-01-07T13:39:31+00:00,QQQ,SELL,-0.6000000238418579,623.4199829101562
2026-01-07T13:39:32+00:00,TLT,BUY,0.14213427901268,87.27999877929688
2026-01-07T13:39:33+00:00,GLD,BUY,0.2407826781272888,413.1799926757813
2026-01-07T14:23:31+00:00,SPY,SELL,-0.0479031167924404,691.8099975585938
2026-01-07T14:23:32+00:00,QQQ,BUY,0.0249732285737991,623.4199829101562
2026-01-07T14:23:33+00:00,TLT,SELL,-0.2684573829174042,87.27999877929688
2026-01-07T14:23:34+00:00,GLD,BUY,0.6000000238418579,413.1799926757813
2026-01-07T15:25:08+00:00,SPY,BUY,0.6000000238418579,691.8099975585938
2026-01-07T15:25:09+00:00,QQQ,BUY,0.6000000238418579,623.4199829101562
2026-01-07T15:25:10+00:00,TLT,BUY,0.0633279606699943,87.54000091552734
2026-01-07T15:25:11+00:00,GLD,SELL,-0.0134499371051788,407.4500122070313
2026-01-07T16:30:22+00:00,SPY,SELL,-0.0373763591051101,692.3099975585938
2026-01-07T16:30:23+00:00,QQQ,BUY,0.0490773469209671,625.510009765625
2026-01-07T16:30:24+00:00,TLT,SELL,-0.6000000238418579,87.83999633789062
2026-01-07T16:30:24+00:00,GLD,BUY,0.4580588638782501,409.7510070800781
2026-01-07T17:26:02+00:00,SPY,SELL,-0.6000000238418579,693.739990234375
2026-01-07T17:26:02+00:00,QQQ,BUY,0.2862858772277832,627.6199951171875
2026-01-07T17:26:03+00:00,TLT,BUY,0.0812322795391082,87.8949966430664
2026-01-07T17:26:04+00:00,GLD,BUY,0.6000000238418579,409.8399963378906
2026-01-07T18:32:34+00:00,SPY,SELL,-0.0800143927335739,692.2849731445312
2026-01-07T18:32:35+00:00,QQQ,BUY,0.6000000238418579,626.5
2026-01-07T18:32:36+00:00,TLT,SELL,-0.6000000238418579,87.96499633789062
2026-01-07T18:32:36+00:00,GLD,SELL,-0.5337269306182861,409.6799926757813
2026-01-07T19:19:58+00:00,SPY,SELL,-0.0427670776844024,691.9400024414062
2026-01-07T19:19:59+00:00,QQQ,SELL,-0.0385211035609245,626.0
2026-01-07T19:20:00+00:00,TLT,BUY,0.6000000238418579,87.91000366210938
2026-01-07T19:20:00+00:00,GLD,SELL,-0.5661299824714661,408.9249877929688
2026-01-07T20:24:45+00:00,SPY,SELL,-0.2460899204015731,690.614990234375
2026-01-07T20:24:46+00:00,QQQ,BUY,0.3826874494552612,624.864990234375
2026-01-07T20:24:47+00:00,TLT,BUY,0.3645046949386596,87.8550033569336
2026-01-07T20:24:47+00:00,GLD,SELL,-0.6000000238418579,409.9599914550781
2026-01-07T21:19:24+00:00,SPY,BUY,0.219423621892929,689.5800170898438
2026-01-07T21:19:25+00:00,QQQ,BUY,0.6000000238418579,624.02001953125
2026-01-07T21:19:26+00:00,TLT,SELL,-0.1477435976266861,87.79000091552734
2026-01-07T21:19:26+00:00,GLD,BUY,0.0458531081676483,409.2300109863281
2026-01-07T22:20:29+00:00,SPY,BUY,0.2857774496078491,689.5800170898438
2026-01-07T22:20:29+00:00,QQQ,SELL,-0.1321181654930114,624.02001953125
2026-01-07T22:20:30+00:00,TLT,BUY,0.0796836614608764,87.79000091552734
2026-01-07T22:20:31+00:00,GLD,SELL,-0.0273437425494194,409.2300109863281
2026-01-07T23:19:50+00:00,SPY,SELL,-0.2765909135341644,689.5800170898438
2026-01-07T23:19:51+00:00,QQQ,BUY,0.6000000238418579,624.02001953125
2026-01-07T23:19:51+00:00,TLT,SELL,-0.0414523482322692,87.79000091552734
2026-01-07T23:19:52+00:00,GLD,BUY,0.6000000238418579,409.2300109863281
2026-01-08T01:42:15+00:00,SPY,BUY,0.6000000238418579,689.5800170898438
2026-01-08T01:42:15+00:00,QQQ,BUY,0.0699173659086227,624.02001953125
2026-01-08T01:42:16+00:00,TLT,BUY,0.1560142636299133,87.79000091552734
2026-01-08T01:42:17+00:00,GLD,SELL,-0.0610068887472152,409.2300109863281
2026-01-08T03:38:44+00:00,SPY,BUY,0.2419169247150421,689.5800170898438
2026-01-08T03:38:45+00:00,QQQ,BUY,0.6000000238418579,624.02001953125
2026-01-08T03:38:45+00:00,TLT,SELL,-0.6000000238418579,87.79000091552734
2026-01-08T03:38:46+00:00,GLD,SELL,-0.2486780881881714,409.2300109863281
2026-01-08T04:39:10+00:00,SPY,SELL,-0.0998409464955329,689.5800170898438
2026-01-08T04:39:10+00:00,QQQ,SELL,-0.6000000238418579,624.02001953125
2026-01-08T04:39:11+00:00,TLT,SELL,-0.6000000238418579,87.79000091552734
2026-01-08T04:39:12+00:00,GLD,BUY,0.6000000238418579,409.2300109863281
2026-01-08T05:24:24+00:00,SPY,SELL,-0.5311927199363708,689.5800170898438
2026-01-08T05:24:25+00:00,QQQ,SELL,-0.3722789883613586,624.02001953125
2026-01-08T05:24:26+00:00,TLT,SELL,-0.5007454752922058,87.79000091552734
2026-01-08T05:24:26+00:00,GLD,BUY,0.3022801876068115,409.2300109863281
2026-01-08T06:33:47+00:00,SPY,SELL,-0.0311085116118192,689.5800170898438
2026-01-08T06:33:48+00:00,QQQ,SELL,-0.0718705356121063,624.02001953125
2026-01-08T06:33:48+00:00,TLT,BUY,0.6000000238418579,87.79000091552734
2026-01-08T06:33:49+00:00,GLD,BUY,0.1067979708313942,409.2300109863281
2026-01-08T07:24:09+00:00,SPY,SELL,-0.1051953807473182,689.5800170898438
2026-01-08T07:24:10+00:00,QQQ,SELL,-0.3488523066043854,624.02001953125
2026-01-08T07:24:11+00:00,TLT,SELL,-0.5911825895309448,87.79000091552734
2026-01-08T07:24:11+00:00,GLD,SELL,-0.3589986264705658,409.2300109863281
2026-01-08T08:30:09+00:00,SPY,BUY,0.4188935458660126,689.5800170898438
2026-01-08T08:30:10+00:00,QQQ,BUY,0.3965196013450622,624.02001953125
2026-01-08T08:30:11+00:00,TLT,SELL,-0.4518305957317352,87.79000091552734
2026-01-08T08:30:12+00:00,GLD,BUY,0.6000000238418579,409.2300109863281
2026-01-08T09:28:00+00:00,SPY,SELL,-0.6000000238418579,689.5800170898438
2026-01-08T09:28:01+00:00,QQQ,SELL,-0.6000000238418579,624.02001953125
2026-01-08T09:28:02+00:00,TLT,BUY,0.6000000238418579,87.79000091552734
2026-01-08T09:28:02+00:00,GLD,BUY,0.6000000238418579,409.2300109863281
2026-01-08T10:23:58+00:00,SPY,SELL,-0.2304699718952179,689.5800170898438
2026-01-08T10:23:58+00:00,QQQ,BUY,0.6000000238418579,624.02001953125
2026-01-08T10:23:59+00:00,TLT,BUY,0.2960026264190674,87.79000091552734
2026-01-08T10:24:00+00:00,GLD,BUY,0.6000000238418579,409.2300109863281
2026-01-08T11:20:30+00:00,SPY,BUY,0.6000000238418579,689.5800170898438
2026-01-08T11:20:30+00:00,QQQ,SELL,-0.6000000238418579,624.02001953125
2026-01-08T11:20:31+00:00,TLT,BUY,0.6000000238418579,87.79000091552734
2026-01-08T11:20:32+00:00,GLD,BUY,0.1314034312963485,409.2300109863281
2026-01-08T12:43:38+00:00,SPY,SELL,-0.4081429541110992,689.5800170898438
2026-01-08T12:43:38+00:00,QQQ,SELL,-0.6000000238418579,624.02001953125
2026-01-08T12:43:39+00:00,TLT,SELL,-0.1443000137805938,87.79000091552734
2026-01-08T12:43:40+00:00,GLD,BUY,0.0819437950849533,409.2300109863281
2026-01-08T13:39:55+00:00,SPY,BUY,0.396687239408493,689.5800170898438
2026-01-08T13:39:56+00:00,QQQ,SELL,-0.3206008076667785,624.02001953125
2026-01-08T13:39:57+00:00,TLT,SELL,-0.3116879463195801,87.79000091552734
2026-01-08T13:39:58+00:00,GLD,BUY,0.0490805506706237,409.2300109863281
2026-01-08T14:24:34+00:00,SPY,BUY,0.037875548005104,689.5800170898438
2026-01-08T14:24:34+00:00,QQQ,BUY,0.0818127393722534,624.02001953125
2026-01-08T14:24:35+00:00,TLT,SELL,-0.3232483267784118,87.79000091552734
2026-01-08T14:24:36+00:00,GLD,BUY,0.6000000238418579,409.2300109863281
2026-01-08T15:25:23+00:00,SPY,BUY,0.0908725708723068,689.5800170898438
2026-01-08T15:25:24+00:00,QQQ,BUY,0.6000000238418579,620.8599243164062
2026-01-08T15:25:24+00:00,TLT,SELL,-0.6000000238418579,87.33989715576172
2026-01-08T15:25:25+00:00,GLD,SELL,-0.2068346738815307,408.6700134277344
2026-01-08T16:29:18+00:00,SPY,BUY,0.6000000238418579,689.2000122070312
2026-01-08T16:29:19+00:00,QQQ,SELL,-0.6000000238418579,619.280029296875
2026-01-08T16:29:20+00:00,TLT,SELL,-0.6000000238418579,87.36499786376953
2026-01-08T16:29:20+00:00,GLD,BUY,0.098775178194046,409.3800048828125
2026-01-08T17:26:13+00:00,SPY,SELL,-0.0352987647056579,689.239990234375
2026-01-08T17:26:14+00:00,QQQ,SELL,-0.3407074511051178,624.02001953125
2026-01-08T17:26:15+00:00,TLT,SELL,-0.4330529272556305,87.5
2026-01-08T17:26:15+00:00,GLD,BUY,0.6000000238418579,409.8800048828125
2026-01-08T18:28:29+00:00,SPY,SELL,-0.4121392369270324,689.5900268554688
2026-01-08T18:28:30+00:00,QQQ,SELL,-0.6000000238418579,620.010009765625
2026-01-08T18:28:30+00:00,TLT,BUY,0.083070695400238,87.4800033569336
2026-01-08T18:28:31+00:00,GLD,SELL,-0.333855003118515,409.0849914550781
2026-01-08T19:19:35+00:00,SPY,SELL,-0.3436040878295898,688.875
2026-01-08T19:19:36+00:00,QQQ,SELL,-0.5542503595352173,619.135009765625
2026-01-08T19:19:37+00:00,TLT,BUY,0.0068436563014984,87.3541030883789
2026-01-08T19:19:38+00:00,GLD,BUY,0.4643082022666931,409.2300109863281
2026-01-08T20:24:32+00:00,SPY,BUY,0.0363619215786457,689.1300048828125
2026-01-08T20:24:32+00:00,QQQ,BUY,0.6000000238418579,619.7667236328125
2026-01-08T20:24:33+00:00,TLT,BUY,0.2061331272125244,87.31500244140625
2026-01-08T20:24:34+00:00,GLD,SELL,-0.6000000238418579,410.2799987792969
2026-01-08T21:20:52+00:00,SPY,SELL,-0.6000000238418579,689.5150146484375
2026-01-08T21:20:53+00:00,QQQ,SELL,-0.3334923088550567,620.469970703125
2026-01-08T21:20:53+00:00,TLT,BUY,0.1715190410614013,87.3499984741211
2026-01-08T21:20:54+00:00,GLD,BUY,0.6000000238418579,411.489990234375
2026-01-08T22:20:48+00:00,SPY,BUY,0.0571426004171371,689.510009765625
2026-01-08T22:20:49+00:00,QQQ,SELL,-0.1627002656459808,620.469970703125
2026-01-08T22:20:50+00:00,TLT,BUY,0.6000000238418579,87.3499984741211
2026-01-08T22:20:50+00:00,GLD,SELL,-0.5466487407684326,411.489990234375
2026-01-08T23:18:08+00:00,SPY,SELL,-0.2774244844913482,689.510009765625
2026-01-08T23:18:09+00:00,QQQ,SELL,-0.6000000238418579,620.469970703125
2026-01-08T23:18:10+00:00,TLT,BUY,0.0346045196056366,87.3499984741211
2026-01-08T23:18:10+00:00,GLD,SELL,-0.3199978172779083,411.489990234375
2026-01-09T01:42:44+00:00,SPY,BUY,0.3009912371635437,689.510009765625
2026-01-09T01:42:44+00:00,QQQ,BUY,0.1690844446420669,620.469970703125
2026-01-09T01:42:45+00:00,TLT,SELL,-0.6000000238418579,87.3499984741211
2026-01-09T01:42:46+00:00,GLD,BUY,0.6000000238418579,411.489990234375
2026-01-09T03:39:15+00:00,SPY,SELL,-0.6000000238418579,689.510009765625
2026-01-09T03:39:16+00:00,QQQ,BUY,0.1251937448978424,620.469970703125
2026-01-09T03:39:17+00:00,TLT,BUY,0.6000000238418579,87.3499984741211
2026-01-09T03:39:18+00:00,GLD,BUY,0.6000000238418579,411.489990234375
2026-01-09T04:39:48+00:00,SPY,SELL,-0.6000000238418579,689.510009765625
2026-01-09T04:39:49+00:00,QQQ,SELL,-0.0087662786245346,620.469970703125
2026-01-09T04:39:50+00:00,TLT,BUY,0.2179330587387085,87.3499984741211
2026-01-09T04:39:50+00:00,GLD,SELL,-0.6000000238418579,411.489990234375
2026-01-09T05:24:45+00:00,SPY,SELL,-0.1631903797388076,689.510009765625
2026-01-09T05:24:45+00:00,QQQ,BUY,0.6000000238418579,620.469970703125
2026-01-09T05:24:46+00:00,TLT,SELL,-0.5202838778495789,87.3499984741211
2026-01-09T05:24:47+00:00,GLD,BUY,0.0371688604354858,411.489990234375
2026-01-09T06:33:28+00:00,SPY,BUY,0.6000000238418579,689.510009765625
2026-01-09T06:33:29+00:00,QQQ,SELL,-0.3476296365261078,620.469970703125
2026-01-09T06:33:30+00:00,TLT,BUY,0.0612150505185127,87.3499984741211
2026-01-09T06:33:30+00:00,GLD,SELL,-0.6000000238418579,411.489990234375
2026-01-09T07:25:14+00:00,SPY,BUY,0.6000000238418579,689.510009765625
2026-01-09T07:25:15+00:00,QQQ,SELL,-0.3080560564994812,620.469970703125
2026-01-09T07:25:16+00:00,TLT,SELL,-0.0295512378215789,87.3499984741211
2026-01-09T07:25:16+00:00,GLD,BUY,0.6000000238418579,411.489990234375
2026-01-09T08:29:52+00:00,SPY,SELL,-0.2227292954921722,689.510009765625
2026-01-09T08:29:52+00:00,QQQ,BUY,0.3237802386283874,620.469970703125
2026-01-09T08:29:53+00:00,TLT,BUY,0.6000000238418579,87.3499984741211
2026-01-09T08:29:54+00:00,GLD,SELL,-0.1298840492963791,411.489990234375
2026-01-09T09:27:35+00:00,SPY,SELL,-0.4076440632343292,689.510009765625
2026-01-09T09:27:36+00:00,QQQ,SELL,-0.2494695782661438,620.469970703125
2026-01-09T09:27:36+00:00,TLT,BUY,0.2906138300895691,87.3499984741211
2026-01-09T09:27:37+00:00,GLD,BUY,0.0713733211159706,411.489990234375
2026-01-09T10:22:47+00:00,SPY,SELL,-0.225655511021614,689.510009765625
2026-01-09T10:22:48+00:00,QQQ,BUY,0.2198147773742675,620.469970703125
2026-01-09T10:22:49+00:00,TLT,SELL,-0.6000000238418579,87.3499984741211
2026-01-09T10:22:49+00:00,GLD,BUY,0.1502282619476318,411.489990234375
2026-01-09T11:19:02+00:00,SPY,SELL,-0.6000000238418579,689.510009765625
2026-01-09T11:19:03+00:00,QQQ,BUY,0.3353641927242279,620.469970703125
2026-01-09T11:19:03+00:00,TLT,BUY,0.1016844063997268,87.3499984741211
2026-01-09T11:19:04+00:00,GLD,SELL,-0.2865326106548309,411.489990234375
2026-01-09T12:43:09+00:00,SPY,BUY,0.6000000238418579,689.510009765625
2026-01-09T12:43:10+00:00,QQQ,BUY,0.3337796926498413,620.469970703125
2026-01-09T12:43:11+00:00,TLT,SELL,-0.0029884092509746,87.3499984741211
2026-01-09T12:43:11+00:00,GLD,SELL,-0.3025707602500915,411.489990234375
2026-01-09T13:37:24+00:00,SPY,SELL,-0.097455158829689,689.510009765625
2026-01-09T13:37:25+00:00,QQQ,BUY,0.2754415869712829,620.469970703125
2026-01-09T13:37:26+00:00,TLT,BUY,0.6000000238418579,87.3499984741211
2026-01-09T13:37:26+00:00,GLD,SELL,-0.6000000238418579,411.489990234375
2026-01-09T14:24:09+00:00,SPY,SELL,-0.0488598830997943,689.510009765625
2026-01-09T14:24:10+00:00,QQQ,SELL,-0.3710965812206268,620.469970703125
2026-01-09T14:24:11+00:00,TLT,SELL,-0.6000000238418579,87.3499984741211
2026-01-09T14:24:11+00:00,GLD,BUY,0.6000000238418579,411.489990234375
2026-01-09T15:23:30+00:00,SPY,BUY,0.4292787611484527,692.3099975585938
2026-01-09T15:23:31+00:00,QQQ,BUY,0.6000000238418579,623.6099853515625
2026-01-09T15:23:31+00:00,TLT,BUY,0.6000000238418579,87.52850341796875
2026-01-09T15:23:32+00:00,GLD,BUY,0.0524695962667465,414.4200134277344
2026-01-09T16:27:34+00:00,SPY,BUY,0.0568870157003402,693.0150146484375
2026-01-09T16:27:35+00:00,QQQ,SELL,-0.0334434211254119,625.0775146484375
2026-01-09T16:27:36+00:00,TLT,BUY,0.6000000238418579,87.73999786376953
2026-01-09T16:27:36+00:00,GLD,SELL,-0.1930084526538849,413.9649963378906
2026-01-09T17:22:58+00:00,SPY,BUY,0.0531573593616485,694.0750122070312
2026-01-09T17:22:59+00:00,QQQ,SELL,-0.0932651758193969,625.7999877929688
2026-01-09T17:23:00+00:00,TLT,BUY,0.5019918084144592,87.87999725341797
2026-01-09T17:23:01+00:00,GLD,BUY,0.1022137105464935,414.05999755859375
2026-01-09T18:31:44+00:00,SPY,BUY,0.369328111410141,693.9450073242188
2026-01-09T18:31:45+00:00,QQQ,SELL,-0.2091194689273834,626.219970703125
2026-01-09T18:31:46+00:00,TLT,SELL,-0.1858898252248764,87.84500122070312
2026-01-09T18:31:47+00:00,GLD,BUY,0.6000000238418579,413.4400024414063
2026-01-09T19:19:26+00:00,SPY,SELL,-0.181656926870346,694.7899169921875
2026-01-09T19:19:26+00:00,QQQ,BUY,0.5305671691894531,627.4000244140625
2026-01-09T19:19:27+00:00,TLT,SELL,-0.1035517081618309,87.8550033569336
2026-01-09T19:19:28+00:00,GLD,SELL,-0.1900927722454071,413.5299987792969
2026-01-09T20:23:58+00:00,SPY,BUY,0.6000000238418579,695.1859130859375
2026-01-09T20:23:58+00:00,QQQ,BUY,0.2317374944686889,627.8250122070312
2026-01-09T20:23:59+00:00,TLT,BUY,0.6000000238418579,87.875
2026-01-09T20:23:59+00:00,GLD,SELL,-0.3178846836090088,414.3500061035156
2026-01-09T21:20:25+00:00,SPY,BUY,0.6000000238418579,694.0700073242188
2026-01-09T21:20:26+00:00,QQQ,BUY,0.275082528591156,626.6500244140625
2026-01-09T21:20:27+00:00,TLT,BUY,0.1872643083333969,87.93000030517578
2026-01-09T21:20:27+00:00,GLD,BUY,0.2113136649131775,414.4700012207031
2026-01-09T22:20:37+00:00,SPY,SELL,-0.4145824313163757,694.0700073242188
2026-01-09T22:20:38+00:00,QQQ,BUY,0.3782599568367004,626.6500244140625
2026-01-09T22:20:39+00:00,TLT,BUY,0.6000000238418579,87.93000030517578
2026-01-09T22:20:39+00:00,GLD,SELL,-0.5317163467407227,414.4700012207031
2026-01-09T23:19:29+00:00,SPY,SELL,-0.094287097454071,694.0700073242188
2026-01-09T23:19:30+00:00,QQQ,BUY,0.0869200378656387,626.6500244140625
2026-01-09T23:19:31+00:00,TLT,BUY,0.6000000238418579,87.93000030517578
2026-01-09T23:19:31+00:00,GLD,BUY,0.0650791823863983,414.4700012207031
2026-01-10T01:39:29+00:00,SPY,SELL,-0.6000000238418579,694.0700073242188
2026-01-10T01:39:30+00:00,QQQ,SELL,-0.6000000238418579,626.6500244140625
2026-01-10T01:39:31+00:00,TLT,BUY,0.215340107679367,87.93000030517578
2026-01-10T01:39:32+00:00,GLD,BUY,0.6000000238418579,414.4700012207031
2026-01-10T03:23:48+00:00,SPY,SELL,-0.325067400932312,694.0700073242188
2026-01-10T03:23:48+00:00,QQQ,BUY,0.494188517332077,626.6500244140625
2026-01-10T03:23:49+00:00,TLT,SELL,-0.6000000238418579,87.93000030517578
2026-01-10T03:23:50+00:00,GLD,BUY,0.3813790678977966,414.4700012207031
2026-01-10T04:33:34+00:00,SPY,BUY,0.3781120479106903,694.0700073242188
2026-01-10T04:33:34+00:00,QQQ,BUY,0.6000000238418579,626.6500244140625
2026-01-10T04:33:35+00:00,TLT,BUY,0.0868965685367584,87.93000030517578
2026-01-10T04:33:36+00:00,GLD,BUY,0.6000000238418579,414.4700012207031
2026-01-10T05:20:18+00:00,SPY,SELL,-0.6000000238418579,694.0700073242188
2026-01-10T05:20:18+00:00,QQQ,SELL,-0.6000000238418579,626.6500244140625
2026-01-10T05:20:19+00:00,TLT,SELL,-0.2292978018522262,87.93000030517578
2026-01-10T05:20:20+00:00,GLD,BUY,0.6000000238418579,414.4700012207031
2026-01-10T06:29:57+00:00,SPY,SELL,-0.0446316599845886,694.0700073242188
2026-01-10T06:29:57+00:00,QQQ,SELL,-0.3190095722675323,626.6500244140625
2026-01-10T06:29:58+00:00,TLT,BUY,0.0766404345631599,87.93000030517578
2026-01-10T06:29:59+00:00,GLD,SELL,-0.0416980683803558,414.4700012207031
2026-01-10T07:18:57+00:00,SPY,SELL,-0.6000000238418579,694.0700073242188
2026-01-10T07:18:57+00:00,QQQ,BUY,0.6000000238418579,626.6500244140625
2026-01-10T07:18:58+00:00,TLT,BUY,0.0042726099491119,87.93000030517578
2026-01-10T07:18:59+00:00,GLD,BUY,0.6000000238418579,414.4700012207031
2026-01-10T08:26:07+00:00,SPY,SELL,-0.4902926087379455,694.0700073242188
2026-01-10T08:26:08+00:00,QQQ,SELL,-0.6000000238418579,626.6500244140625
2026-01-10T08:26:09+00:00,TLT,SELL,-0.6000000238418579,87.93000030517578
2026-01-10T08:26:09+00:00,GLD,BUY,0.0937427580356597,414.4700012207031
2026-01-10T09:20:04+00:00,SPY,BUY,0.6000000238418579,694.0700073242188
2026-01-10T09:20:05+00:00,QQQ,SELL,-0.2721864581108093,626.6500244140625
2026-01-10T09:20:05+00:00,TLT,BUY,0.5329663753509521,87.93000030517578
2026-01-10T09:20:06+00:00,GLD,SELL,-0.0685310363769531,414.4700012207031
2026-01-10T10:20:11+00:00,SPY,BUY,0.6000000238418579,694.0700073242188
2026-01-10T10:20:12+00:00,QQQ,BUY,0.6000000238418579,626.6500244140625
2026-01-10T10:20:13+00:00,TLT,SELL,-0.2886486053466797,87.93000030517578
2026-01-10T10:20:14+00:00,GLD,SELL,-0.6000000238418579,414.4700012207031
2026-01-10T11:16:38+00:00,SPY,SELL,-0.6000000238418579,694.0700073242188
2026-01-10T11:16:38+00:00,QQQ,BUY,0.377449095249176,626.6500244140625
2026-01-10T11:16:39+00:00,TLT,BUY,0.0199106335639953,87.93000030517578
2026-01-10T11:16:40+00:00,GLD,SELL,-0.6000000238418579,414.4700012207031
2026-01-10T12:38:46+00:00,SPY,BUY,0.1487691700458526,694.0700073242188
2026-01-10T12:38:47+00:00,QQQ,BUY,0.2536676228046417,626.6500244140625
2026-01-10T12:38:47+00:00,TLT,SELL,-0.0650757551193237,87.93000030517578
2026-01-10T12:38:48+00:00,GLD,SELL,-0.5692465305328369,414.4700012207031
2026-01-10T13:28:46+00:00,SPY,SELL,-0.6000000238418579,694.0700073242188
2026-01-10T13:28:47+00:00,QQQ,SELL,-0.6000000238418579,626.6500244140625
2026-01-10T13:28:47+00:00,TLT,SELL,-0.113152414560318,87.93000030517578
2026-01-10T13:28:48+00:00,GLD,BUY,0.6000000238418579,414.4700012207031
2026-01-10T14:18:49+00:00,SPY,BUY,0.6000000238418579,694.0700073242188
2026-01-10T14:18:50+00:00,QQQ,SELL,-0.1797187328338623,626.6500244140625
2026-01-10T14:18:50+00:00,TLT,BUY,0.0122749805450439,87.93000030517578
2026-01-10T14:18:51+00:00,GLD,BUY,0.195605456829071,414.4700012207031
2026-01-10T15:19:03+00:00,SPY,SELL,-0.6000000238418579,694.0700073242188
2026-01-10T15:19:04+00:00,QQQ,SELL,-0.1990484446287155,626.6500244140625
2026-01-10T15:19:06+00:00,TLT,BUY,0.6000000238418579,87.93000030517578
2026-01-10T15:19:06+00:00,GLD,SELL,-0.6000000238418579,414.4700012207031
2026-01-10T16:23:48+00:00,SPY,SELL,-0.6000000238418579,694.0700073242188
2026-01-10T16:23:49+00:00,QQQ,BUY,0.1653980314731598,626.6500244140625
2026-01-10T16:23:50+00:00,TLT,BUY,0.6000000238418579,87.93000030517578
2026-01-10T16:23:50+00:00,GLD,SELL,-0.1775657385587692,414.4700012207031
2026-01-10T17:17:31+00:00,SPY,BUY,0.0436154007911682,694.0700073242188
2026-01-10T17:17:32+00:00,QQQ,BUY,0.2787553668022156,626.6500244140625
2026-01-10T17:17:33+00:00,TLT,BUY,0.6000000238418579,87.93000030517578
2026-01-10T17:17:33+00:00,GLD,SELL,-0.371486097574234,414.4700012207031
2026-01-10T18:28:14+00:00,SPY,SELL,-0.6000000238418579,694.0700073242188
2026-01-10T18:28:15+00:00,QQQ,SELL,-0.00443821772933,626.6500244140625
2026-01-10T18:28:15+00:00,TLT,BUY,0.6000000238418579,87.93000030517578
2026-01-10T18:28:16+00:00,GLD,SELL,-0.4087710380554199,414.4700012207031
2026-01-10T19:15:39+00:00,SPY,BUY,0.2884943783283233,694.0700073242188
2026-01-10T19:15:40+00:00,QQQ,SELL,-0.0387497246265411,626.6500244140625
2026-01-10T19:15:40+00:00,TLT,SELL,-0.0221244990825653,87.93000030517578
2026-01-10T19:15:41+00:00,GLD,BUY,0.6000000238418579,414.4700012207031
2026-01-10T20:21:33+00:00,SPY,BUY,0.0516495667397975,694.0700073242188
2026-01-10T20:21:34+00:00,QQQ,SELL,-0.6000000238418579,626.6500244140625
2026-01-10T20:21:35+00:00,TLT,BUY,0.1565791666507721,87.93000030517578
2026-01-10T20:21:35+00:00,GLD,BUY,0.6000000238418579,414.4700012207031
2026-01-10T21:17:55+00:00,SPY,SELL,-0.6000000238418579,694.0700073242188
2026-01-10T21:17:56+00:00,QQQ,BUY,0.6000000238418579,626.6500244140625
2026-01-10T21:17:57+00:00,TLT,SELL,-0.6000000238418579,87.93000030517578
2026-01-10T21:17:57+00:00,GLD,SELL,-0.2277926355600357,414.4700012207031
2026-01-10T22:19:22+00:00,SPY,SELL,-0.6000000238418579,694.0700073242188
2026-01-10T22:19:23+00:00,QQQ,SELL,-0.283636599779129,626.6500244140625
2026-01-10T22:19:24+00:00,TLT,BUY,0.6000000238418579,87.93000030517578
2026-01-10T22:19:25+00:00,GLD,BUY,0.1457136571407318,414.4700012207031
2026-01-10T23:18:59+00:00,SPY,BUY,0.6000000238418579,694.0700073242188
2026-01-10T23:18:59+00:00,QQQ,SELL,-0.6000000238418579,626.6500244140625
2026-01-10T23:19:00+00:00,TLT,BUY,0.6000000238418579,87.93000030517578
2026-01-10T23:19:01+00:00,GLD,SELL,-0.6000000238418579,414.4700012207031
2026-01-11T01:50:52+00:00,SPY,BUY,0.1461666822433471,694.0700073242188
2026-01-11T01:50:53+00:00,QQQ,BUY,0.6000000238418579,626.6500244140625
2026-01-11T01:50:54+00:00,TLT,BUY,0.6000000238418579,87.93000030517578
2026-01-11T01:50:55+00:00,GLD,SELL,-0.6000000238418579,414.4700012207031
2026-01-11T03:49:54+00:00,SPY,SELL,-0.6000000238418579,694.0700073242188
2026-01-11T03:49:55+00:00,QQQ,BUY,0.2358832955360412,626.6500244140625
2026-01-11T03:49:56+00:00,TLT,BUY,0.0734224915504455,87.93000030517578
2026-01-11T03:49:56+00:00,GLD,SELL,-0.4201582074165344,414.4700012207031
2026-01-11T04:47:07+00:00,SPY,BUY,0.1193232834339141,694.0700073242188
2026-01-11T04:47:07+00:00,QQQ,BUY,0.6000000238418579,626.6500244140625
2026-01-11T04:47:08+00:00,TLT,SELL,-0.0910903140902519,87.93000030517578
2026-01-11T04:47:09+00:00,GLD,BUY,0.2917226552963257,414.4700012207031
2026-01-11T05:24:43+00:00,SPY,BUY,0.4437093436717987,694.0700073242188
2026-01-11T05:24:43+00:00,QQQ,BUY,0.0695815682411193,626.6500244140625
2026-01-11T05:24:44+00:00,TLT,BUY,0.1646390259265899,87.93000030517578
2026-01-11T05:24:45+00:00,GLD,BUY,0.2433749288320541,414.4700012207031
2026-01-11T06:31:14+00:00,SPY,SELL,-0.3143304586410522,694.0700073242188
2026-01-11T06:31:15+00:00,QQQ,BUY,0.6000000238418579,626.6500244140625
2026-01-11T06:31:16+00:00,TLT,SELL,-0.2134263515472412,87.93000030517578
2026-01-11T06:31:17+00:00,GLD,SELL,-0.0232977010309696,414.4700012207031
2026-01-11T07:20:24+00:00,SPY,BUY,0.6000000238418579,694.0700073242188
2026-01-11T07:20:25+00:00,QQQ,SELL,-0.1045587658882141,626.6500244140625
2026-01-11T07:20:26+00:00,TLT,SELL,-0.1489702612161636,87.93000030517578
2026-01-11T07:20:26+00:00,GLD,BUY,0.6000000238418579,414.4700012207031
2026-01-11T08:26:25+00:00,SPY,SELL,-0.0651977062225341,694.0700073242188
2026-01-11T08:26:26+00:00,QQQ,SELL,-0.6000000238418579,626.6500244140625
2026-01-11T08:26:26+00:00,TLT,SELL,-0.3123471140861511,87.93000030517578
2026-01-11T08:26:27+00:00,GLD,SELL,-0.1486378908157348,414.4700012207031
2026-01-11T09:20:21+00:00,SPY,SELL,-0.3499778509140014,694.0700073242188
2026-01-11T09:20:22+00:00,QQQ,BUY,0.4952965676784515,626.6500244140625
2026-01-11T09:20:23+00:00,TLT,BUY,0.0701679289340972,87.93000030517578
2026-01-11T09:20:24+00:00,GLD,SELL,-0.6000000238418579,414.4700012207031
2026-01-11T10:20:38+00:00,SPY,SELL,-0.5193344354629517,694.0700073242188
2026-01-11T10:20:39+00:00,QQQ,SELL,-0.6000000238418579,626.6500244140625
2026-01-11T10:20:40+00:00,TLT,SELL,-0.6000000238418579,87.93000030517578
2026-01-11T10:20:40+00:00,GLD,SELL,-0.0403335690498352,414.4700012207031
2026-01-11T11:17:17+00:00,SPY,BUY,0.6000000238418579,694.0700073242188
2026-01-11T11:17:18+00:00,QQQ,BUY,0.6000000238418579,626.6500244140625
2026-01-11T11:17:19+00:00,TLT,BUY,0.1619528234004974,87.93000030517578
2026-01-11T11:17:20+00:00,GLD,BUY,0.6000000238418579,414.4700012207031
2026-01-11T12:39:33+00:00,SPY,BUY,0.2265863120555877,694.0700073242188
2026-01-11T12:39:34+00:00,QQQ,SELL,-0.6000000238418579,626.6500244140625
2026-01-11T12:39:35+00:00,TLT,SELL,-0.481395423412323,87.93000030517578
2026-01-11T12:39:35+00:00,GLD,BUY,0.0598131120204925,414.4700012207031
2026-01-11T13:29:39+00:00,SPY,BUY,0.6000000238418579,694.0700073242188
2026-01-11T13:29:39+00:00,QQQ,BUY,0.6000000238418579,626.6500244140625
2026-01-11T13:29:40+00:00,TLT,SELL,-0.6000000238418579,87.93000030517578
2026-01-11T13:29:41+00:00,GLD,SELL,-0.6000000238418579,414.4700012207031
2026-01-11T14:18:39+00:00,SPY,SELL,-0.0883362889289856,694.0700073242188
2026-01-11T14:18:40+00:00,QQQ,BUY,0.6000000238418579,626.6500244140625
2026-01-11T14:18:41+00:00,TLT,BUY,0.0607627071440219,87.93000030517578
2026-01-11T14:18:41+00:00,GLD,BUY,0.0918957218527793,414.4700012207031
2026-01-11T15:19:46+00:00,SPY,SELL,-0.6000000238418579,694.0700073242188
2026-01-11T15:19:47+00:00,QQQ,SELL,-0.6000000238418579,626.6500244140625
2026-01-11T15:19:48+00:00,TLT,BUY,0.0510047376155853,87.93000030517578
2026-01-11T15:19:48+00:00,GLD,SELL,-0.6000000238418579,414.4700012207031
2026-01-11T16:23:45+00:00,SPY,BUY,0.6000000238418579,694.0700073242188
2026-01-11T16:23:46+00:00,QQQ,SELL,-0.1771771162748336,626.6500244140625
2026-01-11T16:23:47+00:00,TLT,BUY,0.6000000238418579,87.93000030517578
2026-01-11T16:23:48+00:00,GLD,SELL,-0.4375015199184418,414.4700012207031
2026-01-11T17:17:14+00:00,SPY,BUY,0.0701416283845901,694.0700073242188
2026-01-11T17:17:15+00:00,QQQ,BUY,0.0047721713781356,626.6500244140625
2026-01-11T17:17:16+00:00,TLT,BUY,0.0563177652657032,87.93000030517578
2026-01-11T17:17:16+00:00,GLD,BUY,0.0736956298351287,414.4700012207031
2026-01-11T18:28:35+00:00,SPY,SELL,-0.3265344500541687,694.0700073242188
2026-01-11T18:28:36+00:00,QQQ,SELL,-0.2481140196323394,626.6500244140625
2026-01-11T18:28:37+00:00,TLT,SELL,-0.6000000238418579,87.93000030517578
2026-01-11T18:28:37+00:00,GLD,SELL,-0.3060884773731231,414.4700012207031
2026-01-11T19:15:36+00:00,SPY,SELL,-0.6000000238418579,694.0700073242188
2026-01-11T19:15:36+00:00,QQQ,BUY,0.1872865855693817,626.6500244140625
2026-01-11T19:15:37+00:00,TLT,BUY,0.249710202217102,87.93000030517578
2026-01-11T19:15:38+00:00,GLD,SELL,-0.6000000238418579,414.4700012207031
2026-01-11T20:22:22+00:00,SPY,BUY,0.6000000238418579,694.0700073242188
2026-01-11T20:22:23+00:00,QQQ,SELL,-0.0651170313358306,626.6500244140625
2026-01-11T20:22:24+00:00,TLT,SELL,-0.1451202929019928,87.93000030517578
2026-01-11T20:22:24+00:00,GLD,BUY,0.0472490489482879,414.4700012207031
2026-01-11T21:18:14+00:00,SPY,BUY,0.0292678549885749,694.0700073242188
2026-01-11T21:18:15+00:00,QQQ,SELL,-0.6000000238418579,626.6500244140625
2026-01-11T21:18:16+00:00,TLT,SELL,-0.0568912178277969,87.93000030517578
2026-01-11T21:18:17+00:00,GLD,BUY,0.0940229743719101,414.4700012207031
2026-01-11T22:19:05+00:00,SPY,BUY,0.3003863990306854,694.0700073242188
2026-01-11T22:19:06+00:00,QQQ,SELL,-0.2070918679237365,626.6500244140625
2026-01-11T22:19:06+00:00,TLT,BUY,0.3372186422348022,87.93000030517578
2026-01-11T22:19:07+00:00,GLD,SELL,-0.0302526354789733,414.4700012207031
2026-01-11T23:19:14+00:00,SPY,SELL,-0.0220447778701782,694.0700073242188
2026-01-11T23:19:15+00:00,QQQ,BUY,0.2186571657657623,626.6500244140625
2026-01-11T23:19:16+00:00,TLT,BUY,0.6000000238418579,87.93000030517578
2026-01-11T23:19:16+00:00,GLD,BUY,0.3492835164070129,414.4700012207031
2026-01-12T01:47:11+00:00,SPY,BUY,0.6000000238418579,694.0700073242188
2026-01-12T01:47:11+00:00,QQQ,SELL,-0.6000000238418579,626.6500244140625
2026-01-12T01:47:12+00:00,TLT,BUY,0.6000000238418579,87.93000030517578
2026-01-12T01:47:13+00:00,GLD,BUY,0.1918329298496246,414.4700012207031
2026-01-12T03:48:59+00:00,SPY,SELL,-0.6000000238418579,694.0700073242188
2026-01-12T03:49:00+00:00,QQQ,SELL,-0.0266515463590621,626.6500244140625
2026-01-12T03:49:01+00:00,TLT,BUY,0.3059459626674652,87.93000030517578
2026-01-12T03:49:02+00:00,GLD,BUY,0.5679785013198853,414.4700012207031
2026-01-12T04:50:02+00:00,SPY,SELL,-0.6000000238418579,694.0700073242188
2026-01-12T04:50:02+00:00,QQQ,SELL,-0.6000000238418579,626.6500244140625
2026-01-12T04:50:03+00:00,TLT,BUY,0.2384065389633178,87.93000030517578
2026-01-12T04:50:04+00:00,GLD,SELL,-0.3053537607192993,414.4700012207031
2026-01-12T05:28:59+00:00,SPY,SELL,-0.2419047802686691,694.0700073242188
2026-01-12T05:29:00+00:00,QQQ,BUY,0.0231410562992095,626.6500244140625
2026-01-12T05:29:01+00:00,TLT,BUY,0.0073416158556938,87.93000030517578
2026-01-12T05:29:02+00:00,GLD,BUY,0.2478931099176406,414.4700012207031
2026-01-12T06:36:09+00:00,SPY,SELL,-0.0139213725924491,694.0700073242188
2026-01-12T06:36:10+00:00,QQQ,BUY,0.1222666278481483,626.6500244140625
2026-01-12T06:36:11+00:00,TLT,SELL,-0.0209192931652069,87.93000030517578
2026-01-12T06:36:12+00:00,GLD,SELL,-0.6000000238418579,414.4700012207031
2026-01-12T07:26:49+00:00,SPY,BUY,0.6000000238418579,694.0700073242188
2026-01-12T07:26:50+00:00,QQQ,BUY,0.1929707080125808,626.6500244140625
2026-01-12T07:26:51+00:00,TLT,BUY,0.1252747923135757,87.93000030517578
2026-01-12T07:26:51+00:00,GLD,BUY,0.2974987328052521,414.4700012207031
2026-01-12T08:31:45+00:00,SPY,SELL,-0.1427398025989532,694.0700073242188
2026-01-12T08:31:46+00:00,QQQ,BUY,0.3309231698513031,626.6500244140625
2026-01-12T08:31:47+00:00,TLT,BUY,0.6000000238418579,87.93000030517578
2026-01-12T08:31:47+00:00,GLD,BUY,0.6000000238418579,414.4700012207031
2026-01-12T09:31:55+00:00,SPY,BUY,0.6000000238418579,694.0700073242188
2026-01-12T09:31:56+00:00,QQQ,BUY,0.2978104650974273,626.6500244140625
2026-01-12T09:31:57+00:00,TLT,BUY,0.6000000238418579,87.93000030517578
2026-01-12T09:31:58+00:00,GLD,BUY,0.6000000238418579,414.4700012207031
2026-01-12T10:25:11+00:00,SPY,SELL,-0.6000000238418579,694.0700073242188
2026-01-12T10:25:12+00:00,QQQ,BUY,0.1458387076854705,626.6500244140625
2026-01-12T10:25:13+00:00,TLT,SELL,-0.6000000238418579,87.93000030517578
2026-01-12T10:25:13+00:00,GLD,SELL,-0.0272713601589202,414.4700012207031
2026-01-12T11:20:05+00:00,SPY,BUY,0.6000000238418579,694.0700073242188
2026-01-12T11:20:06+00:00,QQQ,SELL,-0.2101342380046844,626.6500244140625
2026-01-12T11:20:07+00:00,TLT,BUY,0.6000000238418579,87.93000030517578
2026-01-12T11:20:08+00:00,GLD,SELL,-0.035233050584793,414.4700012207031
2026-01-12T12:45:36+00:00,SPY,SELL,-0.6000000238418579,694.0700073242188
2026-01-12T12:45:36+00:00,QQQ,SELL,-0.6000000238418579,626.6500244140625
2026-01-12T12:45:37+00:00,TLT,SELL,-0.0048021972179412,87.93000030517578
2026-01-12T12:45:38+00:00,GLD,BUY,0.6000000238418579,414.4700012207031
2026-01-12T13:41:52+00:00,SPY,SELL,-0.3717776536941528,694.0700073242188
2026-01-12T13:41:53+00:00,QQQ,BUY,0.6000000238418579,626.6500244140625
2026-01-12T13:41:54+00:00,TLT,SELL,-0.2331273257732391,87.93000030517578
2026-01-12T13:41:55+00:00,GLD,SELL,-0.6000000238418579,414.4700012207031
2026-01-12T14:25:24+00:00,SPY,BUY,0.6000000238418579,694.0700073242188
2026-01-12T14:25:24+00:00,QQQ,BUY,0.3201303482055664,626.6500244140625
2026-01-12T14:25:25+00:00,TLT,BUY,0.3110232949256897,87.93000030517578
2026-01-12T14:25:26+00:00,GLD,SELL,-0.2540239691734314,414.4700012207031
2026-01-12T15:25:11+00:00,SPY,BUY,0.6000000238418579,694.0700073242188
2026-01-12T15:25:11+00:00,QQQ,BUY,0.6000000238418579,626.4600219726562
2026-01-12T15:25:13+00:00,TLT,BUY,0.0392281264066696,87.58000183105469
2026-01-12T15:25:13+00:00,GLD,BUY,0.1122524589300155,424.6300048828125
2026-01-12T16:26:22+00:00,SPY,SELL,-0.059254765510559,694.2249755859375
2026-01-12T16:26:23+00:00,QQQ,BUY,0.0317379832267761,626.7359008789062
2026-01-12T16:26:24+00:00,TLT,SELL,-0.1986349374055862,87.71499633789062
2026-01-12T16:26:24+00:00,GLD,SELL,-0.0258159637451171,424.7900085449219
2026-01-12T17:23:21+00:00,SPY,SELL,-0.141790360212326,694.5449829101562
2026-01-12T17:23:21+00:00,QQQ,BUY,0.1003104448318481,627.5650024414062
2026-01-12T17:23:22+00:00,TLT,BUY,0.6000000238418579,87.79499816894531
2026-01-12T17:23:23+00:00,GLD,SELL,-0.3741450607776642,424.4100036621094
2026-01-12T18:32:09+00:00,SPY,BUY,0.2960069477558136,695.0850219726562
2026-01-12T18:32:10+00:00,QQQ,SELL,-0.0665844976902008,628.1400146484375
2026-01-12T18:32:11+00:00,TLT,SELL,-0.2691827714443207,87.86000061035156
2026-01-12T18:32:11+00:00,GLD,BUY,0.6000000238418579,423.46990966796875
